{"chunk_definitions":[{"chunk_id":"cnqzc6yxl13xl","expansion_state":0,"options":[],"row":29,"row_count":1,"visible":true},{"chunk_id":"c8um5iv8d1pji","expansion_state":0,"options":[],"row":33,"row_count":1,"visible":true},{"chunk_id":"cizedwtd6gt1q","expansion_state":0,"options":[],"row":68,"row_count":1,"visible":true},{"chunk_id":"c46tsfc2pfezj","expansion_state":0,"options":[],"row":86,"row_count":1,"visible":true},{"chunk_id":"cmd4k9nxgtxth","expansion_state":0,"options":[],"row":114,"row_count":1,"visible":true},{"chunk_id":"cm1e25vibjet4","expansion_state":0,"options":[],"row":170,"row_count":1,"visible":true},{"chunk_id":"c8nya84zb35bh","expansion_state":0,"options":[],"row":190,"row_count":1,"visible":true},{"chunk_id":"c7etycbl58zd4","expansion_state":0,"options":[],"row":285,"row_count":1,"visible":true},{"chunk_id":"chp8vivxgjwh2","expansion_state":0,"options":[],"row":381,"row_count":1,"visible":true},{"chunk_id":"cm6iprkgziwzu","expansion_state":0,"options":[],"row":407,"row_count":1,"visible":true},{"chunk_id":"cta8fhe2rclai","expansion_state":0,"options":[],"row":444,"row_count":1,"visible":true},{"chunk_id":"cxsd29b39jajm","expansion_state":0,"options":[],"row":454,"row_count":1,"visible":true},{"chunk_id":"cpqeoxiaietyh","expansion_state":0,"options":[],"row":534,"row_count":1,"visible":true},{"chunk_id":"ciprt69zcuim4","expansion_state":0,"options":[],"row":562,"row_count":1,"visible":true},{"chunk_id":"ckg6og7kz0eqy","expansion_state":0,"options":[],"row":594,"row_count":1,"visible":true},{"chunk_id":"caoz84w4ma6wi","expansion_state":0,"options":[],"row":693,"row_count":1,"visible":true},{"chunk_id":"cr558ywnu8ry1","expansion_state":0,"options":[],"row":715,"row_count":1,"visible":true},{"chunk_id":"c9iog0g2pz3hx","expansion_state":0,"options":[],"row":780,"row_count":1,"visible":true},{"chunk_id":"ciglaj78npm3t","expansion_state":0,"options":[],"row":804,"row_count":1,"visible":true},{"chunk_id":"c1ghr16qdtiy8","expansion_state":0,"options":[],"row":906,"row_count":1,"visible":true},{"chunk_id":"c456u0m830b2c","expansion_state":0,"options":[],"row":954,"row_count":1,"visible":true},{"chunk_id":"cvm3ct55k1k13","expansion_state":0,"options":[],"row":994,"row_count":1,"visible":true},{"chunk_id":"cig0ml8j7i21q","expansion_state":0,"options":[],"row":1064,"row_count":1,"visible":true},{"chunk_id":"c2oc7b4crfiht","expansion_state":0,"options":[],"row":1079,"row_count":1,"visible":true},{"chunk_id":"cb0fwywjiozsc","expansion_state":0,"options":[],"row":1110,"row_count":1,"visible":true},{"chunk_id":"cra661u0jh7c2","expansion_state":0,"options":[],"row":1186,"row_count":1,"visible":true},{"chunk_id":"cafthr7m1esjj","expansion_state":0,"options":[],"row":1269,"row_count":1,"visible":true},{"chunk_id":"cy3yg0vsc1nyd","expansion_state":0,"options":[],"row":1377,"row_count":1,"visible":true},{"chunk_id":"cvxd86lmgy89q","expansion_state":0,"options":[],"row":1419,"row_count":1,"visible":true},{"chunk_id":"czlhyyvp25hw9","expansion_state":0,"options":[],"row":1445,"row_count":1,"visible":true},{"chunk_id":"cvso2zsrgy98a","expansion_state":0,"options":[],"row":1477,"row_count":1,"visible":true},{"chunk_id":"crdsiaoaoy95r","expansion_state":0,"options":[],"row":1541,"row_count":1,"visible":true},{"chunk_id":"cypuhf5yj2jso","expansion_state":0,"options":[],"row":1581,"row_count":1,"visible":true},{"chunk_id":"ckzm4h3r2o2hq","expansion_state":0,"options":[],"row":1735,"row_count":1,"visible":true},{"chunk_id":"c3abqxc9013l4","expansion_state":0,"options":[],"row":1798,"row_count":1,"visible":true},{"chunk_id":"c30u5vvjxwq8n","expansion_state":0,"options":[],"row":1804,"row_count":1,"visible":true},{"chunk_id":"cxtxbs7g7o9wh","expansion_state":0,"options":[],"row":1922,"row_count":1,"visible":true},{"chunk_id":"cl0ixxzv49ap4","expansion_state":0,"options":[],"row":2030,"row_count":1,"visible":true},{"chunk_id":"czr4z7rgjixul","expansion_state":0,"options":[],"row":2150,"row_count":1,"visible":true},{"chunk_id":"cw5qknhuqdpaf","expansion_state":0,"options":[],"row":2199,"row_count":1,"visible":true},{"chunk_id":"cdmkhcd3gq76z","expansion_state":0,"options":[],"row":2210,"row_count":1,"visible":true},{"chunk_id":"cypz1zp1115ii","expansion_state":0,"options":[],"row":2233,"row_count":1,"visible":true},{"chunk_id":"crvwxpjdoi7d2","expansion_state":0,"options":[],"row":2269,"row_count":1,"visible":true},{"chunk_id":"cstsaz8jfd2tr","expansion_state":0,"options":[],"row":2391,"row_count":1,"visible":true},{"chunk_id":"cml6x5xm5xkfv","expansion_state":0,"options":[],"row":2400,"row_count":1,"visible":true},{"chunk_id":"cilp36wdhl2ql","expansion_state":0,"options":[],"row":2415,"row_count":1,"visible":true}],"doc_write_time":1750175793.58058}
