{"chunk_definitions":[{"row":16,"row_count":1,"visible":true,"expansion_state":0,"options":{"engine":"r","label":"unnamed-chunk-43","dev":"png"},"document_id":"35682AE6","chunk_id":"cwsqbvcqrdl55","chunk_label":"unnamed-chunk-1"},{"row":27,"row_count":1,"visible":true,"expansion_state":0,"options":{"engine":"r","label":"unnamed-chunk-44","dev":"png"},"document_id":"35682AE6","chunk_id":"cz1uubnp8iur6","chunk_label":"unnamed-chunk-2"},{"row":37,"row_count":1,"visible":true,"expansion_state":0,"options":{"engine":"R","label":"unnamed-chunk-45","dev":"png"},"document_id":"35682AE6","chunk_id":"c7d1mm2xoy5ly","chunk_label":"unnamed-chunk-3"},{"row":56,"row_count":1,"visible":true,"expansion_state":0,"options":{"engine":"r","label":"unnamed-chunk-46","dev":"png"},"document_id":"35682AE6","chunk_id":"c6i7vpejw2i21","chunk_label":"unnamed-chunk-4"},{"row":65,"row_count":1,"visible":true,"expansion_state":0,"options":{"engine":"r","label":"unnamed-chunk-47","dev":"png"},"document_id":"35682AE6","chunk_id":"cgfo3flfhjpk0","chunk_label":"unnamed-chunk-5"},{"row":74,"row_count":1,"visible":true,"expansion_state":0,"options":{"engine":"r","label":"unnamed-chunk-48","dev":"png"},"document_id":"35682AE6","chunk_id":"cuqjnr001rqrs","chunk_label":"unnamed-chunk-6"},{"row":82,"row_count":1,"visible":true,"expansion_state":0,"options":{"engine":"r","label":"unnamed-chunk-49","dev":"png"},"document_id":"35682AE6","chunk_id":"c6h33wzfq8zex","chunk_label":"unnamed-chunk-7"},{"row":92,"row_count":1,"visible":true,"expansion_state":0,"options":{"engine":"r","label":"unnamed-chunk-50","dev":"png"},"document_id":"35682AE6","chunk_id":"c5dw36jn0acx5","chunk_label":"unnamed-chunk-8"},{"row":100,"row_count":1,"visible":true,"expansion_state":0,"options":{"engine":"R","label":"unnamed-chunk-51","dev":"png"},"document_id":"35682AE6","chunk_id":"cupremnf7ml7x","chunk_label":"unnamed-chunk-9"}],"doc_write_time":1750941079}