{"chunk_definitions":[{"chunk_id":"cvv7499p3q915","expansion_state":0,"options":[],"row":25,"row_count":1,"visible":true},{"chunk_id":"c1mlxolsdl8ie","expansion_state":0,"options":[],"row":75,"row_count":1,"visible":true},{"chunk_id":"c0w3sul3wf93w","expansion_state":0,"options":[],"row":115,"row_count":1,"visible":true},{"chunk_id":"cqtd2g074y1rk","expansion_state":0,"options":[],"row":212,"row_count":1,"visible":true},{"chunk_id":"czqc81sh613eg","expansion_state":0,"options":[],"row":267,"row_count":1,"visible":true},{"chunk_id":"c2d0l5b0urole","expansion_state":0,"options":[],"row":329,"row_count":1,"visible":true},{"chunk_id":"c2u3gc3ezr9ku","expansion_state":0,"options":[],"row":361,"row_count":1,"visible":true},{"chunk_id":"cx70ohkybvo98","expansion_state":0,"options":[],"row":390,"row_count":1,"visible":true},{"chunk_id":"cvatgbolw8fx6","expansion_state":0,"options":[],"row":437,"row_count":1,"visible":true},{"chunk_id":"cjnosiwoh4u52","expansion_state":0,"options":[],"row":461,"row_count":1,"visible":true},{"chunk_id":"c4eze4ipg7ctc","expansion_state":0,"options":[],"row":484,"row_count":1,"visible":true},{"chunk_id":"cn3uibkldxfnh","expansion_state":0,"options":[],"row":497,"row_count":1,"visible":true}],"doc_write_time":1749827933.566}
