{"chunk_definitions":[{"row":27,"row_count":1,"visible":true,"expansion_state":0,"options":[],"document_id":null,"chunk_id":"c8eoty6a9pcwf","chunk_label":"package loading"},{"row":46,"row_count":1,"visible":true,"expansion_state":0,"options":[],"document_id":null,"chunk_id":"czbosc7vohbw7","chunk_label":"unnamed-chunk-2"},{"row":59,"row_count":1,"visible":true,"expansion_state":0,"options":[],"document_id":null,"chunk_id":"cwhz5429t2886","chunk_label":"unnamed-chunk-4"},{"row":67,"row_count":1,"visible":true,"expansion_state":0,"options":[],"document_id":null,"chunk_id":"cl0stajqtpcix","chunk_label":"unnamed-chunk-5"},{"row":101,"row_count":1,"visible":true,"expansion_state":0,"options":[],"document_id":null,"chunk_id":"c94l82b3rv54a","chunk_label":"unnamed-chunk-6"},{"row":115,"row_count":1,"visible":true,"expansion_state":0,"options":[],"document_id":null,"chunk_id":"ck4zroy52ig1s","chunk_label":"unnamed-chunk-7"},{"row":167,"row_count":1,"visible":true,"expansion_state":0,"options":[],"document_id":null,"chunk_id":"c9vt9zzriwu7c","chunk_label":"unnamed-chunk-8"},{"row":238,"row_count":1,"visible":true,"expansion_state":0,"options":[],"document_id":null,"chunk_id":"cu68ast1rjl7e","chunk_label":"unnamed-chunk-9"},{"row":292,"row_count":1,"visible":true,"expansion_state":0,"options":[],"document_id":null,"chunk_id":"cb3lzp1bpxy6r","chunk_label":"unnamed-chunk-10"},{"row":340,"row_count":1,"visible":true,"expansion_state":0,"options":[],"document_id":null,"chunk_id":"ce1pu22riez9q","chunk_label":"unnamed-chunk-11"},{"row":380,"row_count":1,"visible":true,"expansion_state":0,"options":[],"document_id":null,"chunk_id":"cd0j5rm8vjosa","chunk_label":"unnamed-chunk-12"},{"row":389,"row_count":1,"visible":true,"expansion_state":0,"options":[],"document_id":null,"chunk_id":"c852k6nttj4q7","chunk_label":"unnamed-chunk-13"},{"row":429,"row_count":1,"visible":true,"expansion_state":0,"options":[],"document_id":null,"chunk_id":"cj0zfhst4552a","chunk_label":"unnamed-chunk-14"},{"row":439,"row_count":1,"visible":true,"expansion_state":0,"options":[],"document_id":null,"chunk_id":"c2fikn2n10ide","chunk_label":"unnamed-chunk-15"},{"row":456,"row_count":1,"visible":true,"expansion_state":0,"options":[],"document_id":null,"chunk_id":"cyp61y0vmkx2k","chunk_label":"unnamed-chunk-16"},{"row":499,"row_count":1,"visible":true,"expansion_state":0,"options":[],"document_id":null,"chunk_id":"cw01ozruh59eb","chunk_label":"unnamed-chunk-17"},{"row":542,"row_count":1,"visible":true,"expansion_state":0,"options":[],"document_id":null,"chunk_id":"cvd5ctcge0bn8","chunk_label":"unnamed-chunk-18"},{"row":598,"row_count":1,"visible":true,"expansion_state":0,"options":[],"document_id":null,"chunk_id":"cuhsb3r1iszwy","chunk_label":"unnamed-chunk-19"},{"row":626,"row_count":1,"visible":true,"expansion_state":0,"options":[],"document_id":null,"chunk_id":"c60rfjz4ds9pc","chunk_label":"unnamed-chunk-20"},{"row":670,"row_count":1,"visible":true,"expansion_state":0,"options":[],"document_id":null,"chunk_id":"c39f5mh9u7etv","chunk_label":"unnamed-chunk-21"},{"row":756,"row_count":1,"visible":true,"expansion_state":0,"options":[],"document_id":null,"chunk_id":"covokfnjqn2vv","chunk_label":"unnamed-chunk-22"},{"row":826,"row_count":1,"visible":true,"expansion_state":0,"options":[],"document_id":null,"chunk_id":"cgoptonj98t2p","chunk_label":"unnamed-chunk-23"},{"row":886,"row_count":1,"visible":true,"expansion_state":0,"options":[],"document_id":null,"chunk_id":"c5zmfnwkj04aq","chunk_label":"unnamed-chunk-24"},{"row":898,"row_count":1,"visible":true,"expansion_state":0,"options":[],"document_id":null,"chunk_id":"cdlecglx2fz0m","chunk_label":"unnamed-chunk-25"},{"row":954,"row_count":1,"visible":true,"expansion_state":0,"options":[],"document_id":null,"chunk_id":"cgfh9szsh41w5","chunk_label":"unnamed-chunk-26"},{"row":984,"row_count":1,"visible":true,"expansion_state":0,"options":[],"document_id":null,"chunk_id":"c5rhfxj87deb1","chunk_label":"unnamed-chunk-27"},{"row":1015,"row_count":1,"visible":true,"expansion_state":0,"options":[],"document_id":null,"chunk_id":"chywpro079kig","chunk_label":"unnamed-chunk-29"},{"row":1027,"row_count":1,"visible":true,"expansion_state":0,"options":[],"document_id":null,"chunk_id":"cal2rxilwgmu5","chunk_label":"unnamed-chunk-30"},{"row":1050,"row_count":1,"visible":true,"expansion_state":0,"options":[],"document_id":null,"chunk_id":"c5ikow2owhe3w","chunk_label":"unnamed-chunk-31"},{"row":1141,"row_count":1,"visible":true,"expansion_state":0,"options":[],"document_id":null,"chunk_id":"cx8vub16q8ado","chunk_label":"unnamed-chunk-32"},{"row":1172,"row_count":1,"visible":true,"expansion_state":0,"options":[],"document_id":null,"chunk_id":"c07xxe5mmuezj","chunk_label":"unnamed-chunk-33"},{"row":1223,"row_count":1,"visible":true,"expansion_state":0,"options":[],"document_id":null,"chunk_id":"cxoqxzgzt6zs3","chunk_label":"unnamed-chunk-34"},{"row":1299,"row_count":1,"visible":true,"expansion_state":0,"options":[],"document_id":null,"chunk_id":"c20vj51oh53ky","chunk_label":"unnamed-chunk-35"},{"row":1361,"row_count":1,"visible":true,"expansion_state":0,"options":[],"document_id":null,"chunk_id":"cyq2tz2wan4fq","chunk_label":"unnamed-chunk-36"},{"row":1420,"row_count":1,"visible":true,"expansion_state":0,"options":[],"document_id":null,"chunk_id":"cqhqhav8fxof4","chunk_label":"unnamed-chunk-37"},{"row":1434,"row_count":1,"visible":true,"expansion_state":0,"options":[],"document_id":null,"chunk_id":"cjbt0wfct85vc","chunk_label":"unnamed-chunk-38"},{"row":1446,"row_count":1,"visible":true,"expansion_state":0,"options":[],"document_id":null,"chunk_id":"cq983rjkqelot","chunk_label":"unnamed-chunk-39"},{"row":1465,"row_count":1,"visible":true,"expansion_state":0,"options":[],"document_id":null,"chunk_id":"cduehfzfwxayh","chunk_label":"unnamed-chunk-40"},{"row":1499,"row_count":1,"visible":true,"expansion_state":0,"options":[],"document_id":null,"chunk_id":"cbrwha1v54nov","chunk_label":"unnamed-chunk-41"},{"row":1541,"row_count":1,"visible":true,"expansion_state":0,"options":[],"document_id":null,"chunk_id":"cy8itp75mzvyg","chunk_label":"unnamed-chunk-42"},{"row":1579,"row_count":1,"visible":true,"expansion_state":0,"options":[],"document_id":null,"chunk_id":"cmihadtkygilp","chunk_label":"unnamed-chunk-43"},{"row":1589,"row_count":1,"visible":true,"expansion_state":0,"options":[],"document_id":null,"chunk_id":"cquzh6atlcdu8","chunk_label":"unnamed-chunk-44"},{"row":1628,"row_count":1,"visible":true,"expansion_state":0,"options":[],"document_id":null,"chunk_id":"cp2iljes6fyfv","chunk_label":"unnamed-chunk-45"},{"row":1668,"row_count":1,"visible":true,"expansion_state":0,"options":[],"document_id":null,"chunk_id":"cpsll9sicsfz6","chunk_label":"unnamed-chunk-46"},{"row":1695,"row_count":1,"visible":true,"expansion_state":0,"options":[],"document_id":null,"chunk_id":"ct6zcfuju75vy","chunk_label":"unnamed-chunk-47"},{"row":1720,"row_count":1,"visible":true,"expansion_state":0,"options":[],"document_id":null,"chunk_id":"csn2irzk33qlw","chunk_label":"unnamed-chunk-48"},{"row":1757,"row_count":1,"visible":true,"expansion_state":0,"options":[],"document_id":null,"chunk_id":"ca87grgwo34ng","chunk_label":"unnamed-chunk-49"},{"row":1792,"row_count":1,"visible":true,"expansion_state":0,"options":[],"document_id":null,"chunk_id":"c8ua2bstpuhjn","chunk_label":"unnamed-chunk-50"},{"row":1798,"row_count":1,"visible":true,"expansion_state":0,"options":[],"document_id":null,"chunk_id":"cy0lu46vj3doh","chunk_label":"unnamed-chunk-51"},{"row":1873,"row_count":1,"visible":true,"expansion_state":0,"options":[],"document_id":null,"chunk_id":"calpkm4igg9u4","chunk_label":"unnamed-chunk-52"},{"row":1892,"row_count":1,"visible":true,"expansion_state":0,"options":[],"document_id":null,"chunk_id":"cl4v98el4111s","chunk_label":"unnamed-chunk-53"},{"row":1900,"row_count":1,"visible":true,"expansion_state":0,"options":[],"document_id":null,"chunk_id":"cpaydwss7eioz","chunk_label":"unnamed-chunk-54"},{"row":1908,"row_count":1,"visible":true,"expansion_state":0,"options":[],"document_id":null,"chunk_id":"ciuud4bqqtse4","chunk_label":"unnamed-chunk-55"},{"row":1929,"row_count":1,"visible":true,"expansion_state":0,"options":[],"document_id":null,"chunk_id":"c5c8vilwmyw00","chunk_label":"unnamed-chunk-56"},{"row":1937,"row_count":1,"visible":true,"expansion_state":0,"options":[],"document_id":null,"chunk_id":"c9ejrblqnqpoy","chunk_label":"unnamed-chunk-57"},{"row":1948,"row_count":1,"visible":true,"expansion_state":0,"options":[],"document_id":null,"chunk_id":"c2228u4k9pzb5","chunk_label":"unnamed-chunk-58"},{"row":1970,"row_count":1,"visible":true,"expansion_state":0,"options":[],"document_id":null,"chunk_id":"cu21voogtqx1z","chunk_label":"unnamed-chunk-59"},{"row":1980,"row_count":1,"visible":true,"expansion_state":0,"options":[],"document_id":null,"chunk_id":"cnke3y4masge2","chunk_label":"unnamed-chunk-60"},{"row":1999,"row_count":1,"visible":true,"expansion_state":0,"options":[],"document_id":null,"chunk_id":"cqqq7u5cjxt0p","chunk_label":"unnamed-chunk-61"},{"row":2007,"row_count":1,"visible":true,"expansion_state":0,"options":[],"document_id":null,"chunk_id":"c15zp3ov493iz","chunk_label":"unnamed-chunk-62"},{"row":2018,"row_count":1,"visible":true,"expansion_state":0,"options":[],"document_id":null,"chunk_id":"c3orx5ncyvtlq","chunk_label":"unnamed-chunk-63"},{"row":2029,"row_count":1,"visible":true,"expansion_state":0,"options":[],"document_id":null,"chunk_id":"c999sw53chfc3","chunk_label":"unnamed-chunk-64"},{"row":2079,"row_count":1,"visible":true,"expansion_state":0,"options":[],"document_id":null,"chunk_id":"cimjcar0grvxc","chunk_label":"unnamed-chunk-65"},{"row":2095,"row_count":1,"visible":true,"expansion_state":0,"options":[],"document_id":null,"chunk_id":"ctot80hvsdqi8","chunk_label":"unnamed-chunk-66"},{"row":2153,"row_count":1,"visible":true,"expansion_state":0,"options":[],"document_id":null,"chunk_id":"c6ril71ommtfj","chunk_label":"unnamed-chunk-67"},{"row":2231,"row_count":1,"visible":true,"expansion_state":0,"options":[],"document_id":null,"chunk_id":"cfuxo6lb31ejg","chunk_label":"unnamed-chunk-68"},{"row":2250,"row_count":1,"visible":true,"expansion_state":0,"options":[],"document_id":null,"chunk_id":"caiyd88kndvn1","chunk_label":"unnamed-chunk-69"},{"row":2318,"row_count":1,"visible":true,"expansion_state":0,"options":[],"document_id":null,"chunk_id":"c2nujoxezg4iw","chunk_label":"unnamed-chunk-70"},{"row":2374,"row_count":1,"visible":true,"expansion_state":0,"options":[],"document_id":null,"chunk_id":"czxxyko6rfyuj","chunk_label":"unnamed-chunk-71"},{"row":2412,"row_count":1,"visible":true,"expansion_state":0,"options":[],"document_id":null,"chunk_id":"cvormwyk0s843","chunk_label":"unnamed-chunk-72"},{"row":2449,"row_count":1,"visible":true,"expansion_state":0,"options":[],"document_id":null,"chunk_id":"cb8s1rn71jq12","chunk_label":"unnamed-chunk-73"}],"doc_write_time":1750175794}