{"chunk_definitions":[{"row":9,"row_count":1,"visible":true,"expansion_state":0,"options":{"engine":"r","label":"setup","include":false,"dev":"png"},"document_id":"CFC70C05","chunk_id":"csetup_chunk","chunk_label":"setup"},{"row":36,"row_count":1,"visible":true,"expansion_state":0,"options":{"engine":"r","message":false,"label":"unnamed-chunk-1","dev":"png"},"document_id":"CFC70C05","chunk_id":"cihzyudqau6cp","chunk_label":"unnamed-chunk-1"},{"row":57,"row_count":1,"visible":true,"expansion_state":0,"options":{"engine":"r","eval":false,"label":"unnamed-chunk-2","dev":"png"},"document_id":"CFC70C05","chunk_id":"czexh74eqj4m8","chunk_label":"unnamed-chunk-2"},{"row":72,"row_count":1,"visible":true,"expansion_state":0,"options":{"engine":"r","message":false,"label":"unnamed-chunk-3","dev":"png"},"document_id":"CFC70C05","chunk_id":"c4n2kyan5zvik","chunk_label":"unnamed-chunk-3"},{"row":95,"row_count":1,"visible":true,"expansion_state":0,"options":{"engine":"r","label":"unnamed-chunk-4","dev":"png"},"document_id":"CFC70C05","chunk_id":"cswdnyivqs9bd","chunk_label":"unnamed-chunk-4"},{"row":111,"row_count":1,"visible":true,"expansion_state":0,"options":{"engine":"r","label":"unnamed-chunk-5","dev":"png"},"document_id":"CFC70C05","chunk_id":"ctjcb61i7056f","chunk_label":"unnamed-chunk-5"},{"row":119,"row_count":1,"visible":true,"expansion_state":0,"options":{"engine":"r","label":"unnamed-chunk-6","dev":"png"},"document_id":"CFC70C05","chunk_id":"c5g7yeqt40v81","chunk_label":"unnamed-chunk-6"},{"row":144,"row_count":1,"visible":true,"expansion_state":0,"options":{"engine":"r","label":"unnamed-chunk-7","dev":"png"},"document_id":"CFC70C05","chunk_id":"cvozw8edpcl7k","chunk_label":"unnamed-chunk-7"},{"row":158,"row_count":1,"visible":true,"expansion_state":0,"options":{"engine":"r","label":"unnamed-chunk-8","dev":"png"},"document_id":"CFC70C05","chunk_id":"cu5fww1pwj4t3","chunk_label":"unnamed-chunk-8"},{"row":171,"row_count":1,"visible":true,"expansion_state":0,"options":{"engine":"r","label":"unnamed-chunk-9","dev":"png"},"document_id":"CFC70C05","chunk_id":"c8zt5yq95f0fr","chunk_label":"unnamed-chunk-9"},{"row":186,"row_count":1,"visible":true,"expansion_state":0,"options":{"engine":"r","label":"unnamed-chunk-10","dev":"png"},"document_id":"CFC70C05","chunk_id":"c9kdxl85ho9uh","chunk_label":"unnamed-chunk-10"},{"row":205,"row_count":1,"visible":true,"expansion_state":0,"options":{"engine":"r","label":"unnamed-chunk-11","dev":"png"},"document_id":"CFC70C05","chunk_id":"ck5mo2qf1rnbr","chunk_label":"unnamed-chunk-11"},{"row":240,"row_count":1,"visible":true,"expansion_state":0,"options":{"engine":"r","label":"unnamed-chunk-12","dev":"png"},"document_id":"CFC70C05","chunk_id":"cr30nwm9upfpw","chunk_label":"unnamed-chunk-12"},{"row":255,"row_count":1,"visible":true,"expansion_state":0,"options":{"engine":"r","label":"unnamed-chunk-13","dev":"png"},"document_id":"CFC70C05","chunk_id":"csqjm2adaito8","chunk_label":"unnamed-chunk-13"},{"row":271,"row_count":1,"visible":true,"expansion_state":0,"options":{"engine":"r","label":"unnamed-chunk-14","dev":"png"},"document_id":"CFC70C05","chunk_id":"c2klhj7e8eix2","chunk_label":"unnamed-chunk-14"},{"row":284,"row_count":1,"visible":true,"expansion_state":0,"options":{"engine":"r","label":"unnamed-chunk-15","dev":"png"},"document_id":"CFC70C05","chunk_id":"cvlln95ozhgx0","chunk_label":"unnamed-chunk-15"},{"row":302,"row_count":1,"visible":true,"expansion_state":0,"options":{"engine":"r","label":"unnamed-chunk-16","dev":"png"},"document_id":"CFC70C05","chunk_id":"ceo08ex231w9a","chunk_label":"unnamed-chunk-16"},{"row":341,"row_count":1,"visible":true,"expansion_state":0,"options":{"engine":"r","label":"unnamed-chunk-17","dev":"png"},"document_id":"CFC70C05","chunk_id":"ctg1qgj7g1gtc","chunk_label":"unnamed-chunk-19"},{"row":357,"row_count":1,"visible":true,"expansion_state":0,"options":{"engine":"r","label":"unnamed-chunk-18","dev":"png"},"document_id":"CFC70C05","chunk_id":"ci02dduj5k15t","chunk_label":"unnamed-chunk-20"},{"row":380,"row_count":1,"visible":true,"expansion_state":0,"options":{"engine":"r","label":"unnamed-chunk-19","dev":"png"},"document_id":"CFC70C05","chunk_id":"c0blg0qm6lwlq","chunk_label":"unnamed-chunk-21"},{"row":402,"row_count":1,"visible":true,"expansion_state":0,"options":{"engine":"r","label":"unnamed-chunk-20","dev":"png"},"document_id":"CFC70C05","chunk_id":"cvq97ab107qj8","chunk_label":"unnamed-chunk-22"},{"row":413,"row_count":1,"visible":true,"expansion_state":0,"options":{"engine":"r","label":"unnamed-chunk-21","dev":"png"},"document_id":"CFC70C05","chunk_id":"cckrw8214m9u0","chunk_label":"unnamed-chunk-23"},{"row":433,"row_count":1,"visible":true,"expansion_state":0,"options":{"engine":"r","label":"unnamed-chunk-22","dev":"png"},"document_id":"CFC70C05","chunk_id":"c2gfz2b0cp7no","chunk_label":"unnamed-chunk-24"},{"row":445,"row_count":1,"visible":true,"expansion_state":0,"options":{"engine":"r","label":"unnamed-chunk-23","dev":"png"},"document_id":"CFC70C05","chunk_id":"ccoa6pinizmwt","chunk_label":"unnamed-chunk-25"},{"row":456,"row_count":1,"visible":true,"expansion_state":0,"options":{"engine":"r","label":"unnamed-chunk-24","dev":"png"},"document_id":"CFC70C05","chunk_id":"c0gecvrhpn4u0","chunk_label":"unnamed-chunk-26"},{"row":468,"row_count":1,"visible":true,"expansion_state":0,"options":{"engine":"r","label":"unnamed-chunk-25","dev":"png"},"document_id":"CFC70C05","chunk_id":"c060nr8qzvhke","chunk_label":"unnamed-chunk-27"},{"row":481,"row_count":1,"visible":true,"expansion_state":0,"options":{"engine":"r","label":"unnamed-chunk-26","dev":"png"},"document_id":"CFC70C05","chunk_id":"cetlikfy4z6nj","chunk_label":"unnamed-chunk-28"},{"row":506,"row_count":1,"visible":true,"expansion_state":0,"options":{"engine":"r","label":"unnamed-chunk-27","dev":"png"},"document_id":"CFC70C05","chunk_id":"cts6u9cm0gadg","chunk_label":"unnamed-chunk-29"},{"row":522,"row_count":1,"visible":true,"expansion_state":0,"options":{"engine":"r","label":"unnamed-chunk-28","dev":"png"},"document_id":"CFC70C05","chunk_id":"ck76lux6bit0p","chunk_label":"unnamed-chunk-30"},{"row":553,"row_count":1,"visible":true,"expansion_state":0,"options":{"engine":"r","label":"unnamed-chunk-30","dev":"png"},"document_id":"CFC70C05","chunk_id":"clellw0waprud","chunk_label":"unnamed-chunk-33"},{"row":560,"row_count":1,"visible":true,"expansion_state":0,"options":{"engine":"r","label":"unnamed-chunk-31","dev":"png"},"document_id":"CFC70C05","chunk_id":"cn8nelby4qe5f","chunk_label":"unnamed-chunk-34"},{"row":572,"row_count":1,"visible":true,"expansion_state":0,"options":{"engine":"r","label":"unnamed-chunk-32","dev":"png"},"document_id":"CFC70C05","chunk_id":"cicmcyfb4ur03","chunk_label":"unnamed-chunk-35"},{"row":582,"row_count":1,"visible":true,"expansion_state":0,"options":{"engine":"r","label":"unnamed-chunk-33","dev":"png"},"document_id":"CFC70C05","chunk_id":"cn5e0f11eedtl","chunk_label":"unnamed-chunk-36"},{"row":623,"row_count":1,"visible":true,"expansion_state":0,"options":{"engine":"r","label":"unnamed-chunk-34","dev":"png"},"document_id":"CFC70C05","chunk_id":"cuiwobr2wmuwx","chunk_label":"unnamed-chunk-37"}],"doc_write_time":1734030074,"working_dir":null,"default_chunk_options":{"echo":true,"collapse":true}}