{"chunk_definitions":[{"row":16,"row_count":1,"visible":true,"expansion_state":0,"options":{"engine":"r","label":"unnamed-chunk-29","dev":"png"},"document_id":"35682AE6","chunk_id":"cwsqbvcqrdl55","chunk_label":"unnamed-chunk-1"},{"row":27,"row_count":1,"visible":true,"expansion_state":0,"options":{"engine":"r","label":"unnamed-chunk-30","dev":"png"},"document_id":"35682AE6","chunk_id":"cz1uubnp8iur6","chunk_label":"unnamed-chunk-2"},{"row":37,"row_count":1,"visible":true,"expansion_state":0,"options":{"engine":"R","label":"unnamed-chunk-31","dev":"png"},"document_id":"35682AE6","chunk_id":"c7d1mm2xoy5ly","chunk_label":"unnamed-chunk-3"},{"row":56,"row_count":1,"visible":true,"expansion_state":0,"options":{"engine":"r","label":"unnamed-chunk-32","dev":"png"},"document_id":"35682AE6","chunk_id":"c6i7vpejw2i21","chunk_label":"unnamed-chunk-4"},{"row":65,"row_count":1,"visible":true,"expansion_state":0,"options":{"engine":"r","label":"unnamed-chunk-33","dev":"png"},"document_id":"35682AE6","chunk_id":"cgfo3flfhjpk0","chunk_label":"unnamed-chunk-5"},{"row":74,"row_count":1,"visible":true,"expansion_state":0,"options":{"engine":"r","label":"unnamed-chunk-34","dev":"png"},"document_id":"35682AE6","chunk_id":"cuqjnr001rqrs","chunk_label":"unnamed-chunk-6"},{"row":82,"row_count":1,"visible":true,"expansion_state":0,"options":{"engine":"r","label":"unnamed-chunk-35","dev":"png"},"document_id":"35682AE6","chunk_id":"c6h33wzfq8zex","chunk_label":"unnamed-chunk-7"},{"row":92,"row_count":1,"visible":true,"expansion_state":0,"options":{"engine":"r","label":"unnamed-chunk-36","dev":"png"},"document_id":"35682AE6","chunk_id":"c5dw36jn0acx5","chunk_label":"unnamed-chunk-8"},{"row":100,"row_count":1,"visible":true,"expansion_state":0,"options":{"engine":"R","label":"unnamed-chunk-37","dev":"png"},"document_id":"35682AE6","chunk_id":"cupremnf7ml7x","chunk_label":"unnamed-chunk-9"},{"row":121,"row_count":1,"visible":true,"expansion_state":0,"options":{"engine":"r","label":"unnamed-chunk-38","dev":"png"},"document_id":"35682AE6","chunk_id":"co23hcza0i4z5","chunk_label":"unnamed-chunk-10"},{"row":128,"row_count":1,"visible":true,"expansion_state":0,"options":{"engine":"r","label":"unnamed-chunk-39","dev":"png"},"document_id":"35682AE6","chunk_id":"c0ou8ay9hxfd3","chunk_label":"unnamed-chunk-11"},{"row":136,"row_count":1,"visible":true,"expansion_state":0,"options":{"engine":"r","label":"unnamed-chunk-40","dev":"png"},"document_id":"35682AE6","chunk_id":"cp48bqqaa9mfe","chunk_label":"unnamed-chunk-12"},{"row":143,"row_count":1,"visible":true,"expansion_state":0,"options":{"engine":"r","label":"unnamed-chunk-41","dev":"png"},"document_id":"35682AE6","chunk_id":"ce00d1iza004m","chunk_label":"unnamed-chunk-13"},{"row":152,"row_count":1,"visible":true,"expansion_state":0,"options":{"engine":"r","label":"unnamed-chunk-42","dev":"png"},"document_id":"35682AE6","chunk_id":"cc0o39yyum6nd","chunk_label":"unnamed-chunk-14"},{"row":159,"row_count":1,"visible":true,"expansion_state":0,"options":{"engine":"r","label":"unnamed-chunk-43","dev":"png"},"document_id":"35682AE6","chunk_id":"c67wxymwpxvty","chunk_label":"unnamed-chunk-15"},{"row":163,"row_count":1,"visible":true,"expansion_state":0,"options":{"engine":"r","label":"unnamed-chunk-44","dev":"png"},"document_id":"35682AE6","chunk_id":"cxdbung74n28x","chunk_label":"unnamed-chunk-16"},{"row":173,"row_count":1,"visible":true,"expansion_state":0,"options":{"engine":"r","label":"unnamed-chunk-45","dev":"png"},"document_id":"35682AE6","chunk_id":"c649chpacyc02","chunk_label":"unnamed-chunk-17"},{"row":193,"row_count":1,"visible":true,"expansion_state":0,"options":{"engine":"r","label":"unnamed-chunk-47","dev":"png"},"document_id":"35682AE6","chunk_id":"ciyu7le7hyni0","chunk_label":"unnamed-chunk-18"},{"row":208,"row_count":1,"visible":true,"expansion_state":0,"options":{"engine":"r","label":"unnamed-chunk-48","dev":"png"},"document_id":"35682AE6","chunk_id":"c7wg9y8jc0dtg","chunk_label":"unnamed-chunk-19"},{"row":227,"row_count":1,"visible":true,"expansion_state":0,"options":{"engine":"R","label":"unnamed-chunk-49","dev":"png"},"document_id":"35682AE6","chunk_id":"cx04jiwwui3da","chunk_label":"unnamed-chunk-20"},{"row":251,"row_count":1,"visible":true,"expansion_state":0,"options":{"engine":"r","label":"unnamed-chunk-50","dev":"png"},"document_id":"35682AE6","chunk_id":"clb0rok1tlc44","chunk_label":"unnamed-chunk-21"},{"row":288,"row_count":1,"visible":true,"expansion_state":0,"options":{"engine":"r","label":"unnamed-chunk-51","dev":"png"},"document_id":"35682AE6","chunk_id":"cv4klq4bz0jfa","chunk_label":"unnamed-chunk-22"}],"doc_write_time":1750941268}