{"chunk_definitions":[{"chunk_id":"cyzy7q58rn503","expansion_state":0,"options":[],"row":16,"row_count":1,"visible":true},{"chunk_id":"ccq7l40x8obzd","expansion_state":0,"options":[],"row":27,"row_count":1,"visible":true},{"chunk_id":"cuumywuz0n8cu","expansion_state":0,"options":[],"row":37,"row_count":1,"visible":true},{"chunk_id":"cwcgt8yxl8uh1","expansion_state":0,"options":[],"row":56,"row_count":1,"visible":true},{"chunk_id":"cjxiqrtsyjotf","expansion_state":0,"options":[],"row":65,"row_count":1,"visible":true},{"chunk_id":"choqqc6c0718y","expansion_state":0,"options":[],"row":74,"row_count":1,"visible":true},{"chunk_id":"crhfqgjsppxg5","expansion_state":0,"options":[],"row":82,"row_count":1,"visible":true},{"chunk_id":"cbxfiwz9bt3zq","expansion_state":0,"options":[],"row":92,"row_count":1,"visible":true},{"chunk_id":"c82q5y8qgb1x7","expansion_state":0,"options":[],"row":100,"row_count":1,"visible":true},{"chunk_id":"cuwmtz1jvlo68","expansion_state":0,"options":[],"row":121,"row_count":1,"visible":true},{"chunk_id":"ck3esib7c95d4","expansion_state":0,"options":[],"row":128,"row_count":1,"visible":true},{"chunk_id":"c8uw96bdfm9a6","expansion_state":0,"options":[],"row":136,"row_count":1,"visible":true},{"chunk_id":"c3ur0yv3kityx","expansion_state":0,"options":[],"row":143,"row_count":1,"visible":true},{"chunk_id":"c9pwxkd4vtkzj","expansion_state":0,"options":[],"row":152,"row_count":1,"visible":true},{"chunk_id":"c048u132w2qli","expansion_state":0,"options":[],"row":159,"row_count":1,"visible":true},{"chunk_id":"c4yxbjc6puizm","expansion_state":0,"options":[],"row":163,"row_count":1,"visible":true},{"chunk_id":"cj11torcsnmra","expansion_state":0,"options":[],"row":173,"row_count":1,"visible":true},{"chunk_id":"ctwk63wlahtss","expansion_state":0,"options":[],"row":193,"row_count":1,"visible":true},{"chunk_id":"cdhcoqcpx0sy1","expansion_state":0,"options":[],"row":208,"row_count":1,"visible":true},{"chunk_id":"ccjnlgrwcz7bp","expansion_state":0,"options":[],"row":227,"row_count":1,"visible":true},{"chunk_id":"clex8fl8ioxpj","expansion_state":0,"options":[],"row":251,"row_count":1,"visible":true},{"chunk_id":"cszak37hc14tc","expansion_state":0,"options":[],"row":288,"row_count":1,"visible":true}],"doc_write_time":1750959604.22305}
