{"chunk_definitions":[{"row":13,"row_count":1,"visible":true,"expansion_state":0,"options":{"engine":"r","label":"unnamed-chunk-1","dev":"png"},"document_id":"BD48BA63","chunk_id":"co1s8uao16wew","chunk_label":"unnamed-chunk-1"},{"row":19,"row_count":1,"visible":true,"expansion_state":0,"options":{"engine":"r","label":"unnamed-chunk-2","dev":"png"},"document_id":"BD48BA63","chunk_id":"cvhkzkjpx2wwk","chunk_label":"unnamed-chunk-2"},{"row":35,"row_count":1,"visible":true,"expansion_state":0,"options":{"engine":"r","label":"unnamed-chunk-3","dev":"png"},"document_id":"BD48BA63","chunk_id":"cbgi0f9yzcq0g","chunk_label":"unnamed-chunk-3"},{"row":53,"row_count":1,"visible":true,"expansion_state":0,"options":{"engine":"r","label":"unnamed-chunk-4","dev":"png"},"document_id":"BD48BA63","chunk_id":"chyrvtqw5st8a","chunk_label":"unnamed-chunk-4"},{"row":61,"row_count":1,"visible":true,"expansion_state":0,"options":{"engine":"r","label":"unnamed-chunk-5","dev":"png"},"document_id":"BD48BA63","chunk_id":"ch9i7wg61hkou","chunk_label":"unnamed-chunk-5"},{"row":69,"row_count":1,"visible":true,"expansion_state":0,"options":{"engine":"r","label":"unnamed-chunk-6","dev":"png"},"document_id":"BD48BA63","chunk_id":"cq6hgjwwr80d6","chunk_label":"unnamed-chunk-6"},{"row":78,"row_count":1,"visible":true,"expansion_state":0,"options":{"engine":"r","label":"unnamed-chunk-7","dev":"png"},"document_id":"BD48BA63","chunk_id":"cl8oyvjc8wtjz","chunk_label":"unnamed-chunk-7"},{"row":89,"row_count":1,"visible":true,"expansion_state":0,"options":{"engine":"r","label":"unnamed-chunk-8","dev":"png"},"document_id":"BD48BA63","chunk_id":"cpp8jtgsm7q8r","chunk_label":"unnamed-chunk-8"},{"row":98,"row_count":1,"visible":true,"expansion_state":0,"options":{"engine":"r","label":"unnamed-chunk-9","dev":"png"},"document_id":"BD48BA63","chunk_id":"ccqoscfwizq87","chunk_label":"unnamed-chunk-9"},{"row":110,"row_count":1,"visible":true,"expansion_state":0,"options":{"engine":"r","label":"unnamed-chunk-10","dev":"png"},"document_id":"BD48BA63","chunk_id":"cbd2j6681ydn7","chunk_label":"unnamed-chunk-10"},{"row":117,"row_count":1,"visible":true,"expansion_state":0,"options":{"engine":"R","label":"unnamed-chunk-11","dev":"png"},"document_id":"BD48BA63","chunk_id":"cdwt0wm8uq3m4","chunk_label":"unnamed-chunk-11"},{"row":126,"row_count":1,"visible":true,"expansion_state":0,"options":{"engine":"r","label":"unnamed-chunk-12","dev":"png"},"document_id":"BD48BA63","chunk_id":"c39kopgcpgd3e","chunk_label":"unnamed-chunk-12"},{"row":135,"row_count":1,"visible":true,"expansion_state":0,"options":{"engine":"R","label":"unnamed-chunk-13","dev":"png"},"document_id":"BD48BA63","chunk_id":"cmd1flkil3tik","chunk_label":"unnamed-chunk-13"},{"row":150,"row_count":1,"visible":true,"expansion_state":0,"options":{"engine":"r","label":"unnamed-chunk-14","dev":"png"},"document_id":"BD48BA63","chunk_id":"cecdy1jmbebs5","chunk_label":"unnamed-chunk-14"},{"row":157,"row_count":1,"visible":true,"expansion_state":0,"options":{"engine":"r","label":"unnamed-chunk-15","dev":"png"},"document_id":"BD48BA63","chunk_id":"cv7lf7insyjk5","chunk_label":"unnamed-chunk-15"},{"row":167,"row_count":1,"visible":true,"expansion_state":0,"options":{"engine":"r","label":"unnamed-chunk-16","dev":"png"},"document_id":"BD48BA63","chunk_id":"cb9vlt3o8nccr","chunk_label":"unnamed-chunk-16"},{"row":175,"row_count":1,"visible":true,"expansion_state":0,"options":{"engine":"R","label":"unnamed-chunk-17","dev":"png"},"document_id":"BD48BA63","chunk_id":"cf5b1zg3vcfrl","chunk_label":"unnamed-chunk-17"},{"row":190,"row_count":1,"visible":true,"expansion_state":0,"options":{"engine":"r","label":"unnamed-chunk-18","dev":"png"},"document_id":"BD48BA63","chunk_id":"chkedmt8l5fan","chunk_label":"unnamed-chunk-18"},{"row":197,"row_count":1,"visible":true,"expansion_state":0,"options":{"engine":"r","label":"unnamed-chunk-19","dev":"png"},"document_id":"BD48BA63","chunk_id":"c517zs5na19bo","chunk_label":"unnamed-chunk-19"},{"row":207,"row_count":1,"visible":true,"expansion_state":0,"options":{"engine":"r","label":"unnamed-chunk-20","dev":"png"},"document_id":"BD48BA63","chunk_id":"cawsyrkz35nl6","chunk_label":"unnamed-chunk-20"},{"row":223,"row_count":1,"visible":true,"expansion_state":0,"options":{"engine":"r","label":"unnamed-chunk-21","dev":"png"},"document_id":"BD48BA63","chunk_id":"c8zng14th2rdd","chunk_label":"unnamed-chunk-21"},{"row":238,"row_count":1,"visible":true,"expansion_state":0,"options":{"engine":"r","label":"unnamed-chunk-22","dev":"png"},"document_id":"BD48BA63","chunk_id":"c7bcepxq7lttc","chunk_label":"unnamed-chunk-22"},{"row":250,"row_count":1,"visible":true,"expansion_state":0,"options":{"engine":"r","label":"unnamed-chunk-23","dev":"png"},"document_id":"BD48BA63","chunk_id":"c2b4zmbf4phth","chunk_label":"unnamed-chunk-23"},{"row":258,"row_count":1,"visible":true,"expansion_state":0,"options":{"engine":"r","label":"unnamed-chunk-24","dev":"png"},"document_id":"BD48BA63","chunk_id":"c13w4njir76dl","chunk_label":"unnamed-chunk-24"},{"row":267,"row_count":1,"visible":true,"expansion_state":0,"options":{"engine":"r","label":"unnamed-chunk-25","dev":"png"},"document_id":"BD48BA63","chunk_id":"cjab60igxuezq","chunk_label":"unnamed-chunk-25"},{"row":274,"row_count":1,"visible":true,"expansion_state":0,"options":{"engine":"r","label":"unnamed-chunk-26","dev":"png"},"document_id":"BD48BA63","chunk_id":"c3r1h54gxeem4","chunk_label":"unnamed-chunk-26"},{"row":281,"row_count":1,"visible":true,"expansion_state":0,"options":{"engine":"r","label":"unnamed-chunk-27","dev":"png"},"document_id":"BD48BA63","chunk_id":"cde7unw1byq62","chunk_label":"unnamed-chunk-27"},{"row":288,"row_count":1,"visible":true,"expansion_state":0,"options":{"engine":"r","label":"unnamed-chunk-28","dev":"png"},"document_id":"BD48BA63","chunk_id":"c6me9gvrn6imx","chunk_label":"unnamed-chunk-28"},{"row":302,"row_count":1,"visible":true,"expansion_state":0,"options":{"engine":"r","label":"unnamed-chunk-29","dev":"png"},"document_id":"BD48BA63","chunk_id":"czfbjtxx1923r","chunk_label":"unnamed-chunk-29"},{"row":312,"row_count":1,"visible":true,"expansion_state":0,"options":{"engine":"r","label":"unnamed-chunk-30","dev":"png"},"document_id":"BD48BA63","chunk_id":"cwz6ntjhif79e","chunk_label":"unnamed-chunk-30"},{"row":323,"row_count":1,"visible":true,"expansion_state":0,"options":{"engine":"r","label":"unnamed-chunk-31","dev":"png"},"document_id":"BD48BA63","chunk_id":"c907eczcg2qte","chunk_label":"unnamed-chunk-31"},{"row":331,"row_count":1,"visible":true,"expansion_state":0,"options":{"engine":"r","label":"unnamed-chunk-32","dev":"png"},"document_id":"BD48BA63","chunk_id":"c2dca7y0ieqrb","chunk_label":"unnamed-chunk-32"},{"row":344,"row_count":1,"visible":true,"expansion_state":0,"options":{"engine":"r","label":"unnamed-chunk-109","dev":"png"},"document_id":"BD48BA63","chunk_id":"c8v9vkarp4pdd","chunk_label":"unnamed-chunk-33"},{"row":354,"row_count":1,"visible":true,"expansion_state":0,"options":{"engine":"r","label":"unnamed-chunk-116","dev":"png"},"document_id":"BD48BA63","chunk_id":"c3jzqq6orb6pc","chunk_label":"unnamed-chunk-34"},{"row":363,"row_count":1,"visible":true,"expansion_state":0,"options":{"engine":"r","label":"unnamed-chunk-120","dev":"png"},"document_id":"BD48BA63","chunk_id":"cz40hw8yyuina","chunk_label":"unnamed-chunk-35"},{"row":370,"row_count":1,"visible":true,"expansion_state":0,"options":{"engine":"r","label":"unnamed-chunk-121","dev":"png"},"document_id":"BD48BA63","chunk_id":"cpoev8drffmz3","chunk_label":"unnamed-chunk-36"},{"row":377,"row_count":1,"visible":true,"expansion_state":0,"options":{"engine":"r","label":"unnamed-chunk-122","dev":"png"},"document_id":"BD48BA63","chunk_id":"cgxi089365rtl","chunk_label":"unnamed-chunk-37"},{"row":384,"row_count":1,"visible":true,"expansion_state":0,"options":{"engine":"r","label":"unnamed-chunk-123","dev":"png"},"document_id":"BD48BA63","chunk_id":"co2z9o83djdmr","chunk_label":"unnamed-chunk-38"}],"doc_write_time":1751052733}