PA0001	9908
PA0002	8290
PA0003	5571
PA0004	12255
PA0005	1731
PA0006	2179
PA0007	9638
PA0008	3106
PA0009	1237
PA0010	636
PA0011	6179
PA0012	1415
PA0013	1123
PA0014	451
PA0015	1157
PA0016	2589
PA0017	609
PA0018	339
PA0019	9998
PA0020	3800
PA0021	118
PA0022	1915
PA0023	2570
PA0024	1911
PA0025	677
PA0026	4465
PA0027	2518
PA0028	261
PA0029	521
PA0030	283
PA0031	1066
PA0032	787
PA0032a	719
PA0033	274
PA0034	419
PA0035	939
PA0036	1723
PA0037	301
PA0038	23038
PA0039	39015
PA0040	839
PA0041	1236
PA0041a	6
PA0042	1185
PA0043	641
PA0044	5554
PA0045	667
PA0046	423
PA0047	439
PA0048	315
PA0049	519
PA0050	7194
PA0051	7806
PA0052	3913
PA0054	150
PA0055	695
PA0056	145
PA0057	299
PA0058	62
PA0059	17363
PA0060	2801
PA0061	1022
PA0062	932
PA0063	691
PA0064	842
PA0065	624
PA0066	1268
PA0067	19981
PA0068	2223
PA0069	866
PA0070	1348
PA0071	3691
PA0072	56
PA0073	17
PA0074	780
PA0075	156
PA0076	47
PA0077	1122
PA0078	346
PA0079	515
PA0080	122
PA0081	6495
PA0082	1920
PA0083	902
PA0084	2767
PA0085	1677
PA0086	556
PA0087	177
PA0088	421
PA0089	177
PA0090	1373
PA0091	913
PA0092	50
PA0093	168
PA0094	570
PA0095	802
PA0096	0
PA0097	65
PA0098	13
PA0099	0
PA0100	0
PA0101	245
PA0102	5005
PA0103	1143
PA0103a	1513
PA0105	62861
PA0106	10864
PA0107	2115
PA0108	11443
PA0109	2918
PA0110	1118
PA0111	1297
PA0112	1050
PA0113	1409
PA0114	2099
PA0115	455
PA0116	1539
PA0117	206
PA0118	318
PA0119	837
PA0120	788
PA0121	409
PA0122	85421
PA0123	6956
PA0124	478
PA0125	265
PA0126	321
PA0127	627
PA0128	2012
PA0129	1851
PA0130	3006
PA0131	311
PA0132	3387
PA0133	752
PA0134	2210
PA0135	200
PA0136	327
PA0137	243
PA0138	650
PA0139	344002
PA0140	71116
PA0141	3651
PA0142	621
PA0143	2490
PA0144	714
PA0145	347
PA0146	468
PA0147	997
PA0148	2997
PA0149	516
PA0150	229
PA0151	690
PA0152	486
PA0153	356
PA0154	338
PA0155	593
PA0156	2482
PA0157	1124
PA0158	11073
PA0159	1096
PA0160	690
PA0162	1123
PA0163	246
PA0164	458
PA0165	518
PA0166	475
PA0167	722
PA0168	60
PA0169	563
PA0170	286
PA0171	204
PA0172	842
PA0173	353
PA0174	355
PA0175	2260
PA0176	13933
PA0177	3485
PA0178	7916
PA0179	70048
PA0180	5260
PA0181	801
PA0182	223
PA0183	326
PA0184	79
PA0185	119
PA0186	258
PA0187	0
PA0188	0
PA0189	298
PA0190	378
PA0191	1157
PA0192	856
PA0193	212
PA0194	315
PA0195	3669
PA0195.1	539
PA0196	3091
PA0197	221
PA0198	457
PA0199	1869
PA0200	2506
PA0201	323
PA0202	0
PA0203	0
PA0204	0
PA0205	0
PA0206	0
PA0207	0
PA0208	2052
PA0209	30
PA0210	6
PA0211	155
PA0212	134
PA0213	18
PA0214	329
PA0215	381
PA0216	622
PA0217	724
PA0218	1115
PA0219	236
PA0220	952
PA0221	266
PA0222	217
PA0223	464
PA0224	771
PA0225	809
PA0226	310
PA0227	86
PA0228	302
PA0229	1210
PA0230	536
PA0231	225
PA0232	903
PA0233	659
PA0234	411
PA0235	250
PA0236	576
PA0237	136
PA0238	164
PA0239	314
PA0240	707
PA0241	324
PA0242	336
PA0243	667
PA0244	71
PA0245	109
PA0246	438
PA0247	451
PA0248	829
PA0249	12385
PA0250	106917
PA0251	0
PA0252	155
PA0253	1127
PA0254	4380
PA0255	838
PA0256	12979
PA0257	6486
PA0258	2096
PA0259	2768
PA0260	3171
PA0261	491
PA0262	1996
PA0263	36
PA0263.1	235
PA0265	13903
PA0266	15207
PA0267	589
PA0268	878
PA0269	1496
PA0270	1394
PA0271	744
PA0272	1373
PA0273	153
PA0274	246
PA0275	1321
PA0276	255
PA0277	377
PA0278	125
PA0279	116
PA0280	1649
PA0281	760
PA0282	655
PA0283	2195
PA0284	1646
PA0285	2338
PA0286	10224
PA0287	594
PA0288	89
PA0289	1576
PA0290	4169
PA0291	5655
PA0292	2743
PA0293	1293
PA0294	371
PA0295	1383
PA0296	11768
PA0297	14702
PA0298	6654
PA0299	19914
PA0300	11969
PA0301	3188
PA0302	2242
PA0303	3028
PA0304	4521
PA0305	1143
PA0306	623
PA0306a	2593
PA0307	573
PA0308	526
PA0309	1199
PA0310	2158
PA0311	206
PA0312	2503
PA0313	1884
PA0314	1394
PA0315	5525
PA0316	6913
PA0317	4476
PA0318	4252
PA0319	2223
PA0320	336
PA0321	475
PA0322	685
PA0323	673
PA0324	370
PA0325	1078
PA0326	235
PA0327	868
PA0328	1514
PA0329	11634
PA0330	2932
PA0331	1775
PA0332	730
PA0333	720
PA0334	568
PA0335	1145
PA0336	7012
PA0337	15913
PA0338	4987
PA0339	802
PA0340	722
PA0341	1378
PA0342	3795
PA0343	1816
PA0344	590
PA0345	1360
PA0346	366
PA0347	441
PA0348	486
PA0349	331
PA0350	342
PA0351	602
PA0352	896
PA0353	5472
PA0354	2240
PA0355	14662
PA0356	805
PA0357	1155
PA0358	782
PA0359	8585
PA0360	2985
PA0361	1319
PA0362	3941
PA0363	2116
PA0364	2786
PA0365	3951
PA0366	10638
PA0367	6103
PA0367a	544
PA0368	758
PA0370	674
PA0371	1998
PA0372	1998
PA0373	4138
PA0374	3542
PA0375	3603
PA0376	59292
PA0377	203
PA0378	579
PA0379	667
PA0380	104
PA0381	1577
PA0382	1125
PA0383	917
PA0384	226
PA0385	276
PA0386	425
PA0387	2918
PA0388	2572
PA0389	627
PA0390	1545
PA0391	1760
PA0392	2243
PA0393	790
PA0394	1479
PA0395	7836
PA0396	10107
PA0397	2574
PA0398	722
PA0399	2741
PA0400	2081
PA0401	1029
PA0402	1888
PA0403	346
PA0404	426
PA0405	1473
PA0406	1019
PA0407	11817
PA0408	14440
PA0409	3511
PA0410	1597
PA0411	5788
PA0412	1564
PA0413	11887
PA0414	963
PA0415	298
PA0416	142
PA0417	227
PA0418	615
PA0419	332
PA0420	2095
PA0421	2608
PA0422	1410
PA0423	4093
PA0424	4483
PA0425	12254
PA0426	23901
PA0427	8176
PA0428	4683
PA0429	11059
PA0430	2402
PA0431	1401
PA0432	10455
PA0433	469
PA0434	3358
PA0435	486
PA0436	8338
PA0437	877
PA0438	448
PA0439	319
PA0440	238
PA0441	565
PA0442	26
PA0443	420
PA0444	1136
PA0445	13
PA0446	4339
PA0447	49847
PA0448	1536
PA0449	13036
PA0450	3329
PA0451	3509
PA0451a	1007
PA0452	1574
PA0454	1460
PA0455	2253
PA0456	132669
PA0457	772
PA0457.1	0
PA0458	1727
PA0459	13775
PA0460	10777
PA0461	4240
PA0462	9571
PA0463	866
PA0464	835
PA0465	888
PA0466	111
PA0467	265
PA0468	1685
PA0469	2559
PA0470	4004
PA0471	4210
PA0472	3951
PA0473	1340
PA0474	81
PA0475	137
PA0476	2177
PA0477	366
PA0478	603
PA0479	453
PA0480	194
PA0481	464
PA0482	9000
PA0483	3164
PA0484	5135
PA0485	1730
PA0486	1228
PA0487	967
PA0488	467
PA0489	188
PA0490	2102
PA0491	938
PA0492	627
PA0493	155
PA0494	387
PA0495	1668
PA0496	727
PA0497	886
PA0498	2177
PA0499	918
PA0500	2861
PA0501	572
PA0502	251
PA0503	117
PA0504	208
PA0505	3051
PA0506	19350
PA0507	1035
PA0508	2575
PA0509	658
PA0510	328
PA0511	565
PA0512	276
PA0513	180
PA0514	364
PA0515	277
PA0516	1653
PA0517	49
PA0518	878
PA0519	25372
PA0520	3006
PA0521	359
PA0522	45
PA0523	31084
PA0524	27006
PA0525	5178
PA0526	12596
PA0527	1455
PA0527.1	1737
PA0528	643
PA0529	1133
PA0530	666
PA0531	789
PA0532	418
PA0533	1263
PA0534	5086
PA0535	1845
PA0536	1660
PA0537	4666
PA0538	548
PA0539	383
PA0540	765
PA0541	1921
PA0542	902
PA0543	766
PA0544	1430
PA0545	2828
PA0546	7251
PA0547	4023
PA0548	5253
PA0549	755
PA0550	377
PA0551	1779
PA0552	3452
PA0553	2517
PA0554	2010
PA0555	6904
PA0556	361
PA0557	723
PA0558	902
PA0559	1666
PA0560	1124
PA0561	0
PA0562	559
PA0563	1410
PA0564	302
PA0565	1087
PA0566	877
PA0567	2361
PA0568	871
PA0569	146
PA0570	84
PA0571	707
PA0572	4575
PA0573	388
PA0574	854
PA0574.1	99
PA0575	5507
PA0576	36565
PA0577	4650
PA0578	777
PA0579	11522
PA0580	3568
PA0581	1371
PA0582	301
PA0583	614
PA0584	1282
PA0585	672
PA0586	25381
PA0587	13830
PA0588	89348
PA0589	1013
PA0590	1872
PA0591	1483
PA0592	1355
PA0593	705
PA0594	8026
PA0595	6769
PA0596	5383
PA0597	1417
PA0598	1244
PA0599	1202
PA0600	3485
PA0601	2966
PA0602	1416
PA0603	1046
PA0604	1872
PA0605	2000
PA0606	685
PA0607	1340
PA0608	974
PA0609	4698
PA0610	9807
PA0611	2986
PA0612	846
PA0613	2419
PA0614	664
PA0615	4012
PA0616	4022
PA0617	3321
PA0618	7652
PA0619	4337
PA0620	17923
PA0621	1
PA0622	19201
PA0623	8197
PA0624	5495
PA0625	22896
PA0626	4241
PA0627	688
PA0628	8414
PA0629	2112
PA0630	48
PA0631	509
PA0633	7819
PA0634	4411
PA0635	1844
PA0636	12992
PA0637	1688
PA0638	3098
PA0639	2879
PA0640	5059
PA0641	14615
PA0643	0
PA0644	0
PA0645	0
PA0646	3070
PA0647	714
PA0648	1292
PA0649	1898
PA0650	4597
PA0651	1440
PA0652	7645
PA0653	1930
PA0654	2166
PA0655	5570
PA0656	3927
PA0657	3152
PA0658	1523
PA0659	2200
PA0660	2558
PA0661	1037
PA0662	2206
PA0663	1272
PA0664	1240
PA0665	22300
PA0666	3161
PA0667	16985
PA0668	9508
PA0668.1	7962
PA0668.2	2
PA0668.3	2
PA0668.4	119418
PA0668.5	8
PA0669	2462
PA0670	342
PA0671	442
PA0672	16891
PA0673	2105
PA0674	405
PA0675	164
PA0676	609
PA0677	380
PA0678	25
PA0679	179
PA0680	131
PA0681	364
PA0682	110
PA0683	53
PA0684	40
PA0685	599
PA0686	192
PA0687	191
PA0688	145
PA0689	0
PA0690	338
PA0691	96
PA0692	521
PA0693	271
PA0694	66
PA0695	43
PA0696	526
PA0697	76
PA0698	63
PA0699	82
PA0700	51
PA0701	192
PA0701a	0
PA0702	335
PA0703	499
PA0704	1587
PA0705	2954
PA0706	2180
PA0707	367
PA0708	309
PA0709	272
PA0710	163
PA0711	51
PA0712	605
PA0713	1639
PA0714	664
PA0714.1	0
PA0715	0
PA0716	0
PA0718	0
PA0719	0
PA0720	0
PA0721	0
PA0722	0
PA0723	0
PA0724	0
PA0725	0
PA0726	0
PA0727	0
PA0728	0
PA0729	0
PA0729.1	23
PA0730	1139
PA0731	783
PA0732	2281
PA0733	292
PA0734	3
PA0735	283
PA0736	712
PA0736a	110
PA0737	249
PA0738	419
PA0739	208
PA0740	461
PA0741	200
PA0742	836
PA0743	1884
PA0744	1171
PA0745	2628
PA0746	3186
PA0747	4495
PA0749	797
PA0750	1429
PA0751	713
PA0752	625
PA0753	77
PA0754	2101
PA0755	3213
PA0756	349
PA0757	318
PA0758	1630
PA0759	1781
PA0760	2521
PA0761	13138
PA0762	63155
PA0763	37953
PA0764	10370
PA0765	902
PA0766	9810
PA0767	5298
PA0768	3240
PA0769	3879
PA0770	1573
PA0771	2469
PA0772	183
PA0773	1145
PA0774	501
PA0775	559
PA0776	496
PA0777	213
PA0778	696
PA0779	9503
PA0780	1687
PA0781	5729
PA0782	7812
PA0783	2013
PA0784	707
PA0785	97
PA0786	37
PA0787	643
PA0788	7236
PA0788a	2559
PA0789	1937
PA0790	77
PA0791	514
PA0792	2372
PA0793	1346
PA0794	4038
PA0795	4048
PA0796	899
PA0797	633
PA0798	1776
PA0799	1436
PA0800	223
PA0801	710
PA0802	313
PA0803	1003
PA0804	1376
PA0805	51026
PA0806	488
PA0807	5763
PA0808	1147
PA0809	872
PA0810	2559
PA0811	1250
PA0812	1873
PA0813	805
PA0814	123
PA0815	2416
PA0816	616
PA0817	1328
PA0818	341
PA0819	32
PA0820	0
PA0821	0
PA0823	0
PA0824	0
PA0825	0
PA0826	0
PA0826.2	4067424
PA0827	553
PA0828	277
PA0829	638
PA0830	2229
PA0831	1783
PA0832	1234
PA0833	3714
PA0834	1212
PA0835	5141
PA0836	2127
PA0836.1	273
PA0837	21305
PA0838	11153
PA0839	313
PA0840	470
PA0841	327
PA0842	201
PA0843	1430
PA0844	1315
PA0845	1835
PA0846	2941
PA0847	2419
PA0848	87028
PA0849	48170
PA0850	558
PA0851	907
PA0852	76174
PA0853	3220
PA0854	4286
PA0855	555
PA0856	8239
PA0857	3271
PA0858	3388
PA0859	628
PA0860	3255
PA0861	22081
PA0862	6821
PA0863	843
PA0864	408
PA0865	70195
PA0866	2722
PA0867	3761
PA0868	1117
PA0869	2826
PA0870	12603
PA0871	6267
PA0872	23369
PA0873	3066
PA0874	626
PA0875	877
PA0876	1636
PA0877	1079
PA0878	231
PA0879	591
PA0880	54
PA0881	88
PA0882	91
PA0883	93
PA0884	708
PA0885	102
PA0886	466
PA0887	8890
PA0887.1	741
PA0888	8544
PA0889	1297
PA0890	972
PA0891	1110
PA0892	1576
PA0893	2307
PA0894	955
PA0895	7727
PA0896	3895
PA0897	1672
PA0898	990
PA0899	3991
PA0900	1064
PA0901	6254
PA0902	985
PA0903	12601
PA0904	6774
PA0905	32021
PA0905.1	9156
PA0905.2	5290
PA0905.3	1584
PA0906	1004
PA0907	1462
PA0908	275
PA0909	318
PA0910	1645
PA0911	747
PA0912	451
PA0913	6998
PA0914	311
PA0915	248
PA0916	1834
PA0917	3389
PA0918	1089
PA0919	2314
PA0920	2438
PA0921	1421
PA0922	1321
PA0922.1	33
PA0923	1387
PA0924	1761
PA0925	964
PA0926	881
PA0927	934
PA0928	4537
PA0929	9637
PA0930	3362
PA0931	1829
PA0932	6147
PA0933	3195
PA0934	13129
PA0935	1413
PA0936	4864
PA0937	3712
PA0938	21797
PA0939	586
PA0940	486
PA0941	360
PA0942	4296
PA0943	4561
PA0944	1246
PA0945	3106
PA0946	2615
PA0947	2327
PA0948	365
PA0949	1708
PA0950	2307
PA0951	4955
PA0951a	9402
PA0952	3592
PA0953	811
PA0954	333
PA0955	2088
PA0956	7359
PA0957	1461
PA0958	1657
PA0959	6683
PA0960	969
PA0961	1251
PA0962	130552
PA0963	12414
PA0964	10022
PA0965	1543
PA0966	3718
PA0967	3270
PA0968	2585
PA0969	3107
PA0970	1500
PA0971	8863
PA0972	9374
PA0973	17776
PA0974	6083
PA0975	1338
PA0976	5881
PA0976.1	650
PA0978	4322
PA0979	576
PA0981	3161
PA0982	3393
PA0983	118
PA0984	0
PA0985	0
PA0986	24660
PA0987	9780
PA0988	1056
PA0989	1400
PA0990	716
PA0992	2475
PA0993	111
PA0994	2752
PA0995	3974
PA0996	8931
PA0997	3901
PA0998	4467
PA0999	4776
PA1000	4424
PA1001	4096
PA1002	1302
PA1003	4434
PA1004	7912
PA1005	3996
PA1006	606
PA1007	1258
PA1008	1506
PA1009	711
PA1010	6752
PA1011	4137
PA1012	2132
PA1013	5369
PA1013.1	198
PA1014	480
PA1015	982
PA1016	1141
PA1017	842
PA1018	366
PA1019	233
PA1019a	28
PA1020	159
PA1021	50
PA1022	380
PA1023	283
PA1024	160
PA1025	397
PA1026	611
PA1027	807
PA1028	826
PA1030	4261
PA1030.1	140
PA1031	4007
PA1032	6866
PA1033	1413
PA1034	1423
PA1035	2766
PA1036	1654
PA1037	2481
PA1038	758
PA1039	710
PA1040	611
PA1041	22120
PA1042	299
PA1043	598
PA1044	372
PA1045	2408
PA1046	1610
PA1047	3057
PA1048	8457
PA1049	1318
PA1050	1399
PA1051	986
PA1052	159
PA1052a	354
PA1053	18488
PA1054	3949
PA1055	178
PA1056	1185
PA1057	1364
PA1058	86
PA1059	840
PA1060	1968
PA1061	661
PA1062	279
PA1063	188
PA1064	885
PA1065	824
PA1066	1069
PA1067	220
PA1068	1728
PA1069	2762
PA1070	1124
PA1071	1208
PA1072	1098
PA1073	1516
PA1074	15947
PA1075	875
PA1076	2627
PA1077	1681
PA1078	583
PA1079	1825
PA1080	4080
PA1081	1870
PA1082	2913
PA1083	1209
PA1084	1272
PA1085	1711
PA1086	757
PA1087	0
PA1088	0
PA1089	0
PA1090	0
PA1091	0
PA1092	8
PA1093	0
PA1094	0
PA1095	0
PA1096	48
PA1097	9668
PA1098	2810
PA1099	1745
PA1100	1709
PA1101	3908
PA1102	3955
PA1103	2730
PA1104	1278
PA1105	824
PA1106	4067
PA1107	2339
PA1108	235
PA1109	735
PA1110	1099
PA1111	787
PA1112	2255
PA1112.1	34
PA1112a	1493
PA1112b	0
PA1113	1777
PA1114	1209
PA1115	11766
PA1116	788
PA1117	1333
PA1118	10288
PA1119	535
PA1120	1367
PA1121	2380
PA1123	1496
PA1124	3207
PA1125	336
PA1126	1668
PA1127	5057
PA1128	531
PA1129	235
PA1130	389
PA1131	1528
PA1132	2245
PA1133	317
PA1134	213
PA1135	1212
PA1136	1289
PA1137	3433
PA1138	408
PA1139	383
PA1140	1243
PA1141	484
PA1142	538
PA1143	50
PA1144	205
PA1145	801
PA1146	283
PA1147	177
PA1148	513
PA1149	70
PA1150	5956
PA1151	17235
PA1153	154
PA1154	552
PA1155	8171
PA1156	11537
PA1157	1426
PA1158	1372
PA1159	13202
PA1160	723
PA1161	101
PA1162	598
PA1163	2500
PA1164	1429
PA1165	293
PA1166	831
PA1167	1067
PA1168	488
PA1169	1129
PA1170	750
PA1171	2355
PA1172	1282
PA1173	374
PA1174	5669
PA1175	286
PA1176	585
PA1177	3069
PA1178	394166
PA1179	31455
PA1180	6641
PA1181	5821
PA1182	953
PA1183	1157
PA1184	848
PA1185	386
PA1186	393
PA1187	578
PA1188	693
PA1189	446
PA1190	5533
PA1191	1091
PA1192	5302
PA1193	1593
PA1194	0
PA1195	0
PA1196	16
PA1197	1007
PA1198	6256
PA1199	1802
PA1200	999
PA1201	958
PA1202	1805
PA1203	168
PA1204	672
PA1205	533
PA1206	861
PA1207	2019
PA1208	2269
PA1209	569
PA1210	691
PA1211	83
PA1212	356
PA1213	1302
PA1214	230
PA1215	460
PA1216	468
PA1217	1342
PA1218	583
PA1219	109
PA1220	248
PA1221	1322
PA1222	1282
PA1223	426
PA1224	526
PA1225	137
PA1226	331
PA1227	337
PA1228	116
PA1229	680
PA1230	66
PA1231	87
PA1232	367
PA1233	104
PA1234	680
PA1235	163
PA1236	293
PA1237	47
PA1238	51
PA1239	0
PA1240	0
PA1241	0
PA1242	1364
PA1243	3206
PA1244	2814
PA1245	15099
PA1246	5728
PA1247	7235
PA1248	11310
PA1249	21720
PA1250	3147
PA1251	1374
PA1252	1239
PA1253	485
PA1254	388
PA1255	152
PA1256	286
PA1257	162
PA1258	86
PA1259	246
PA1260	243
PA1261	333
PA1262	177
PA1263	1092
PA1264	228
PA1265	119
PA1266	90
PA1267	84
PA1268	76
PA1269	1252
PA1270	304
PA1271	1661
PA1272	1039
PA1273	195
PA1274	79
PA1275	53
PA1276	393
PA1277	199
PA1278	58
PA1279	71
PA1280	55
PA1281	37
PA1282	144
PA1283	2533
PA1284	1902
PA1285	1199
PA1286	257
PA1287	10468
PA1288	12765
PA1289	986
PA1290	1247
PA1291	681
PA1292	1482
PA1293	1448
PA1294	2519
PA1295	452
PA1296	2412
PA1297	1148
PA1298	303
PA1299	905
PA1300	4800
PA1301	2287
PA1302	2141
PA1303	224
PA1304	1670
PA1305	5130
PA1306	793
PA1307	2153
PA1308	1892
PA1309	890
PA1310	603
PA1311	1082
PA1312	0
PA1313	0
PA1314	0
PA1315	0
PA1316	554
PA1317	1951
PA1318	3989
PA1319	573
PA1320	544
PA1321	1857
PA1322	1303
PA1323	7836
PA1324	9402
PA1324.1	144
PA1325	270
PA1326	337
PA1327	4969
PA1328	393
PA1329	14
PA1330	345
PA1331	1720
PA1332	668
PA1333	476
PA1334	171
PA1335	498
PA1336	763
PA1337	2949
PA1338	2598
PA1339	1481
PA1340	1574
PA1341	1123
PA1342	9179
PA1343	1372
PA1344	2646
PA1345	1571
PA1346	219
PA1347	392
PA1348	956
PA1349	988
PA1350	1722
PA1351	404
PA1352	67
PA1353	1730
PA1354	2370
PA1355	65
PA1356	751
PA1357	341
PA1358	1487
PA1359	225
PA1360	332
PA1361	1020
PA1362	905
PA1363	799
PA1364	190
PA1365	1294
PA1366	11875
PA1367	245
PA1368	3
PA1369	0
PA1370	0
PA1371	0
PA1372	0
PA1373	378
PA1374	543
PA1375	652
PA1376	4659
PA1377	596
PA1378	0
PA1379	0
PA1380	0
PA1381	152
PA1382	2683
PA1383	6297
PA1384	629
PA1385	1986
PA1386	1726
PA1387	3795
PA1388	600
PA1389	1841
PA1390	1383
PA1391	768
PA1392	1101
PA1393	538
PA1394	66
PA1395	265
PA1396	840
PA1397	847
PA1398	962
PA1399	264
PA1400	665
PA1401	419
PA1402	480
PA1403	1043
PA1404	6677
PA1405	730
PA1406	224
PA1407	482
PA1408	2809
PA1409	315
PA1410	562
PA1411	349
PA1412	58
PA1413	493
PA1414	28637
PA1415	4836
PA1416	1047
PA1417	559
PA1418	1026
PA1419	622
PA1420	307
PA1421	580
PA1422	889
PA1423	968
PA1424	149
PA1424a	44
PA1425	151
PA1428	490
PA1428a	536
PA1429	2723
PA1430	80909
PA1431	40744
PA1432	47826
PA1433	3517
PA1434	528
PA1435	575
PA1436	2294
PA1437	595
PA1438	985
PA1439	1079
PA1440	13822
PA1441	1972
PA1442	1119
PA1443	5575
PA1444	2370
PA1445	252
PA1446	1491
PA1447	548
PA1448	498
PA1449	963
PA1450	421
PA1451	285
PA1452	4817
PA1453	5453
PA1454	11805
PA1455	10461
PA1456	3047
PA1457	10528
PA1458	12496
PA1459	4341
PA1460	2413
PA1461	1362
PA1462	2833
PA1463	2352
PA1464	4696
PA1465	450
PA1466	764
PA1467	646
PA1468	604
PA1469	673
PA1470	855
PA1471	0
PA1472	0
PA1473	319
PA1474	4643
PA1475	1452
PA1476	853
PA1477	2031
PA1478	65
PA1479	1120
PA1480	2682
PA1481	786
PA1482	945
PA1483	724
PA1483a	164
PA1484	953
PA1485	304
PA1486	145
PA1487	514
PA1488	296
PA1489	681
PA1490	503
PA1491	6694
PA1492	494
PA1493	2373
PA1494	1866
PA1495	78
PA1496	553
PA1497	56
PA1498	305
PA1499	304
PA1500	297
PA1501	1302
PA1502	1031
PA1503	204
PA1504	1354
PA1505	3858
PA1506	485
PA1507	1479
PA1508	965
PA1509	475
PA1510	687
PA1511	2327
PA1512	194
PA1513	1604
PA1514	633
PA1515	1393
PA1516	356
PA1517	964
PA1518	619
PA1519	615
PA1520	3552
PA1521	3467
PA1522	1713
PA1523	3482
PA1524	1390
PA1525	2062
PA1526	5402
PA1527	7645
PA1528	7909
PA1529	4188
PA1530	1442
PA1530.1	158
PA1531	37
PA1532	3991
PA1533	3982
PA1534	1250
PA1535	2316
PA1536	1193
PA1537	498
PA1538	1040
PA1539	1253
PA1540	155
PA1541	5317
PA1542	1884
PA1543	1384
PA1544	14336
PA1545	3763
PA1546	11884
PA1547	413
PA1548	354
PA1549	1603
PA1550	4205
PA1551	16290
PA1552	7704
PA1552.1	358
PA1553	3420
PA1554	6357
PA1555	6924
PA1555.1	441
PA1556	4151
PA1557	9325
PA1558	501
PA1561	9683
PA1562	37963
PA1563	1496
PA1564	1267
PA1565	612
PA1566	167
PA1567	479
PA1568	89
PA1569	378
PA1570	931
PA1571	9597
PA1572	3132
PA1573	492
PA1574	972
PA1575	1659
PA1576	1060
PA1577	295
PA1578	635
PA1578a	387
PA1579	6437
PA1580	8906
PA1581	11359
PA1582	2345
PA1583	16760
PA1584	6822
PA1585	25918
PA1586	6764
PA1587	17575
PA1588	15504
PA1589	11726
PA1590	6137
PA1591	521
PA1592	17217
PA1593	628
PA1594	1169
PA1595	498
PA1596	14233
PA1597	669
PA1598	370
PA1599	382
PA1600	360
PA1601	504
PA1602	215
PA1603	438
PA1604	1372
PA1605	2179
PA1606	221
PA1607	892
PA1608	1268
PA1609	7276
PA1610	4783
PA1611	3822
PA1612	245
PA1613	2561
PA1614	4442
PA1615	696
PA1616	697
PA1617	5988
PA1618	1285
PA1619	228
PA1620	44
PA1621	4364
PA1622	1882
PA1623	3651
PA1624	920
PA1625	1661
PA1626	145
PA1627	209
PA1628	270
PA1629	243
PA1630	1055
PA1631	839
PA1632	18
PA1633	453
PA1634	462
PA1635	91
PA1636	947
PA1637	352
PA1638	426
PA1639	413
PA1640	2033
PA1641	1270
PA1642	4048
PA1643	2942
PA1643a	1458
PA1644	1441
PA1645	203
PA1646	911
PA1647	999
PA1648	812
PA1649	846
PA1650	1849
PA1651	884
PA1652	650
PA1653	493
PA1654	1004
PA1655	916
PA1656	25541
PA1657	864
PA1658	2405
PA1659	480
PA1660	1259
PA1661	653
PA1662	1433
PA1663	440
PA1664	16
PA1665	158
PA1666	203
PA1667	1960
PA1668	269
PA1669	1660
PA1670	145
PA1671	364
PA1672	2013
PA1673	7085
PA1674	3753
PA1675	1537
PA1676	569
PA1677	2047
PA1678	3471
PA1679	1889
PA1680	413
PA1681	1895
PA1682	580
PA1683	1044
PA1684	1014
PA1685	833
PA1686	1443
PA1687	1193
PA1688	857
PA1689	3206
PA1690	503
PA1691	211
PA1692	140
PA1693	340
PA1694	278
PA1695	129
PA1696	158
PA1697	1345
PA1698	719
PA1699	130
PA1700	131
PA1701	11
PA1702	47
PA1703	1853
PA1704	68
PA1705	298
PA1706	2862
PA1707	1196
PA1708	5949
PA1709	3847
PA1710	5151
PA1711	158
PA1712	1410
PA1713	5438
PA1714	5880
PA1715	629
PA1716	2288
PA1717	458
PA1718	5
PA1719	206
PA1720	281
PA1721	132
PA1722	127
PA1723	1051
PA1724	81
PA1725	393
PA1726	2883
PA1727	6539
PA1728	42039
PA1729	3779
PA1730	12797
PA1731	1949
PA1732	1307
PA1733	3478
PA1734	695
PA1735	1826
PA1736	1033
PA1737	3154
PA1738	372
PA1739	439
PA1740	411
PA1741	2157
PA1742	34281
PA1743	39
PA1744	144
PA1745	1436
PA1746	5929
PA1747	1022
PA1748	2317
PA1749	12538
PA1750	4613
PA1751	1504
PA1752	3579
PA1753	10199
PA1754	7991
PA1755	686
PA1756	1020
PA1757	1234
PA1758	2659
PA1759	12201
PA1760	5622
PA1761	1523
PA1762	904
PA1763	1047
PA1764	1018
PA1765	1703
PA1766	2609
PA1767	4004
PA1768	1505
PA1769	12419
PA1770	28244
PA1771	323
PA1772	6793
PA1773	3093
PA1774	1803
PA1775	12354
PA1776	51073
PA1777	240461
PA1778	7371
PA1779	681
PA1780	97
PA1781	1070
PA1781.1	49
PA1782	259
PA1783	215
PA1784	5782
PA1785	520
PA1786	344
PA1787	17088
PA1788	2886
PA1789	6998
PA1790	595
PA1791	482
PA1792	725
PA1793	5163
PA1794	7540
PA1795	9168
PA1796	2212
PA1796.1	3731
PA1796.2	248
PA1796.3	340
PA1796.4	94
PA1797	1508
PA1797a	766
PA1798	1431
PA1799	832
PA1800	23135
PA1801	18589
PA1802	94889
PA1803	69146
PA1804	58291
PA1804.1	863
PA1805	7796
PA1806	678
PA1807	1250
PA1808	681
PA1809	1116
PA1810	2997
PA1811	1973
PA1812	5474
PA1813	1583
PA1814	2392
PA1815	1435
PA1816	1805
PA1817	2461
PA1818	4184
PA1819	1901
PA1820	2338
PA1821	4473
PA1822	4437
PA1823	3086
PA1824	723
PA1825	345
PA1826	1135
PA1827	390
PA1828	1519
PA1829	1897
PA1830	15295
PA1831	2187
PA1832	5575
PA1833	5079
PA1833a	1723
PA1835	1242
PA1836	892
PA1837	448
PA1837a	30423
PA1838	4072
PA1839	1197
PA1840	1960
PA1841	1406
PA1842	983
PA1843	7667
PA1844	197
PA1845	175
PA1846	3780
PA1847	43771
PA1848	160
PA1849	5
PA1850	1403
PA1851	1925
PA1852	11094
PA1853	1102
PA1854	839
PA1855	52
PA1856	1007
PA1857	1096
PA1858	531
PA1859	528
PA1860	4561
PA1861	1865
PA1862	314
PA1863	614
PA1864	195
PA1865	1977
PA1866	1214
PA1866a	491
PA1867	49
PA1868	380
PA1869	17014
PA1870	188
PA1871	23038
PA1872	4207
PA1873	1136
PA1874	11711
PA1875	1166
PA1876	721
PA1877	911
PA1878	534
PA1879	509
PA1880	3124
PA1881	657
PA1882	294
PA1883	135
PA1884	330
PA1885	175
PA1886	3358
PA1887	930
PA1888	6854
PA1889	2997
PA1890	1251
PA1891	18
PA1892	370
PA1893	1139
PA1894	304
PA1895	1075
PA1896	358
PA1897	608
PA1898	5299
PA1899	1381
PA1900	7545
PA1901	26
PA1902	23
PA1903	79
PA1904	45
PA1905	81
PA1906	371
PA1907	287
PA1908	55
PA1909	284
PA1910	779
PA1911	300
PA1912	1115
PA1913	901
PA1914	1200
PA1915	3984
PA1916	529
PA1917	70
PA1918	325
PA1919	883
PA1920	1525
PA1921	387
PA1922	199
PA1923	295
PA1924	53
PA1925	330
PA1926	2243
PA1927	9255
PA1928	341
PA1929	90
PA1930	3602
PA1931	0
PA1932	0
PA1933	0
PA1934	1042
PA1937	4792
PA1938	4467
PA1939	0
PA1940	1872
PA1941	3448
PA1942	7852
PA1943	1445
PA1944	4836
PA1945	1583
PA1946	24987
PA1947	2556
PA1948	1427
PA1949	2184
PA1950	2076
PA1951	4326
PA1952	86
PA1953	681
PA1954	682
PA1955	121
PA1956	54
PA1957	81
PA1958	1328
PA1959	699
PA1960	222
PA1961	361
PA1962	162
PA1963	1606
PA1964	3828
PA1965	733
PA1966	785
PA1967	434
PA1968	75
PA1969	209
PA1970	154
PA1971	397
PA1972	444
PA1973	193
PA1974	314
PA1975	114
PA1976	551
PA1977	40
PA1978	354
PA1979	55
PA1980	91
PA1981	24
PA1982	621
PA1983	166
PA1984	961
PA1985	5482
PA1986	448
PA1987	626
PA1988	156
PA1989	1008
PA1990	378
PA1991	1392
PA1992	577
PA1993	353
PA1994	412
PA1995	1209
PA1996	551
PA1997	1911
PA1998	1344
PA1999	12175
PA2000	4494
PA2001	3119
PA2002	649
PA2003	667
PA2004	422
PA2005	759
PA2006	1021
PA2007	1835
PA2008	2268
PA2009	5090
PA2010	1430
PA2011	25533
PA2012	16925
PA2013	6023
PA2014	20536
PA2015	76046
PA2016	23151
PA2017	4192
PA2018	5297
PA2019	200
PA2020	5299
PA2021	3194
PA2022	766
PA2023	10562
PA2024	229
PA2025	4891
PA2026	856
PA2027	175
PA2028	404
PA2029	372
PA2030	3878
PA2031	1334
PA2032	3466
PA2033	2997
PA2034	715
PA2035	1015
PA2036	374
PA2037	0
PA2038	86
PA2039	324
PA2040	6121
PA2041	1698
PA2042	1774
PA2043	364
PA2044	1431
PA2045	504
PA2047	826
PA2048	169
PA2049	1093
PA2050	171
PA2051	96
PA2052	448
PA2053	193
PA2054	342
PA2055	209
PA2056	351
PA2057	884
PA2058	876
PA2059	297
PA2060	80
PA2061	365
PA2062	1145
PA2063	478
PA2064	134
PA2065	758
PA2066	2183
PA2067	1008
PA2068	4075
PA2069	8421
PA2070	4463
PA2071	18103
PA2072	3549
PA2073	0
PA2074	84
PA2075	2287
PA2076	1261
PA2077	791
PA2078	546
PA2079	785
PA2080	695
PA2081	589
PA2082	1569
PA2083	1100
PA2084	177
PA2085	114
PA2086	112
PA2087	49
PA2088	56
PA2089	2132
PA2090	178
PA2091	152
PA2092	775
PA2093	1203
PA2094	800
PA2095	393
PA2096	891
PA2097	1569
PA2098	34
PA2099	549
PA2100	12203
PA2101	2522
PA2102	1786
PA2103	4570
PA2104	4036
PA2105	2770
PA2106	6429
PA2107	799
PA2108	0
PA2109	0
PA2110	519
PA2111	727
PA2112	1210
PA2113	2885
PA2114	20332
PA2115	1805
PA2116	5565
PA2117	9273
PA2118	3987
PA2118a	30595
PA2119	1
PA2120	318
PA2121	747
PA2122	2792
PA2123	3462
PA2124	1157
PA2125	1218
PA2126	264
PA2127	822
PA2128	283
PA2129	73
PA2130	984
PA2131	229
PA2132	19
PA2133	48
PA2134	687
PA2135	308
PA2136	188
PA2137	142
PA2138	561
PA2140	120
PA2141	255
PA2142	1700
PA2142a	752
PA2143	5914
PA2144	4808
PA2145	1254
PA2146	33425
PA2147	1424
PA2148	952
PA2149	19
PA2150	1230
PA2151	2929
PA2152	3823
PA2153	2460
PA2154	961
PA2155	599
PA2156	505
PA2157	1596
PA2158	0
PA2159	18
PA2160	3390
PA2161	58
PA2162	1779
PA2163	863
PA2164	1697
PA2165	3172
PA2166	347
PA2167	1502
PA2168	332
PA2169	2223
PA2170	1
PA2171	8969
PA2172	0
PA2173	38
PA2173a	25
PA2174	1662
PA2175	419
PA2176	1284
PA2177	2276
PA2178	1348
PA2179	478
PA2180	528
PA2181	342
PA2182	0
PA2183	0
PA2184	0
PA2185	0
PA2187	0
PA2188	0
PA2189	35
PA2190	0
PA2191	0
PA2192	0
PA2193	166
PA2194	1935
PA2195	3856
PA2196	3264
PA2197	1936
PA2198	160
PA2199	2735
PA2200	397
PA2201	528
PA2202	175
PA2203	142
PA2204	2061
PA2205	331
PA2206	1530
PA2207	490
PA2208	81
PA2209	374
PA2210	624
PA2211	189
PA2212	262
PA2213	414
PA2214	218
PA2215	422
PA2216	160
PA2217	195
PA2218	2299
PA2219	1317
PA2220	3223
PA2221	2637
PA2222	177
PA2223	2212
PA2224	963
PA2225	773
PA2226	1312
PA2227	2754
PA2228	1458
PA2229	824
PA2230	1374
PA2231	10402
PA2232	4140
PA2233	1813
PA2234	1374
PA2235	5203
PA2236	971
PA2237	2864
PA2238	920
PA2239	511
PA2240	1693
PA2241	427
PA2242	1774
PA2243	393
PA2244	1957
PA2246	1837
PA2247	27114
PA2248	18038
PA2249	19537
PA2250	20736
PA2251	661
PA2252	871
PA2253	118
PA2254	349
PA2255	155
PA2256	313
PA2257	32
PA2258	333
PA2259	2000
PA2260	398
PA2261	605
PA2262	1067
PA2263	308
PA2264	1166
PA2265	1684
PA2266	1046
PA2267	794
PA2268	79
PA2269	326
PA2270	541
PA2271	241
PA2272	3248
PA2273	1977
PA2274	8667
PA2275	1780
PA2276	428
PA2277	178
PA2278	264
PA2279	70
PA2280	315
PA2281	1335
PA2282	630
PA2283	417
PA2284	329
PA2285	740
PA2286	1308
PA2287	386
PA2288	610
PA2289	1308
PA2290	5245
PA2291	357
PA2292	34
PA2293	14
PA2294	0
PA2295	0
PA2296	0
PA2297	172
PA2298	2084
PA2299	2358
PA2300	43596
PA2301	779
PA2302	5623
PA2303	786
PA2304	1452
PA2305	2942
PA2306	960
PA2307	156
PA2308	79
PA2309	381
PA2310	516
PA2311	40
PA2312	461
PA2312a	1782
PA2314	38
PA2315	108
PA2316	232
PA2317	1487
PA2318	896
PA2319	22
PA2320	1213
PA2321	1005
PA2322	925
PA2323	1663
PA2324	111
PA2325	117
PA2326	755
PA2327	1104
PA2328	811
PA2329	175
PA2330	307
PA2331	867
PA2332	304
PA2333	0
PA2334	0
PA2335	0
PA2336	0
PA2337	1044
PA2338	435
PA2339	356
PA2340	243
PA2341	305
PA2342	141
PA2343	44
PA2344	376
PA2345	1923
PA2346	264
PA2347	171
PA2348	190
PA2349	184
PA2350	98
PA2351	228
PA2352	365
PA2353	382
PA2354	316
PA2355	276
PA2356	99
PA2357	153
PA2358	112
PA2359	723
PA2360	276
PA2361	478
PA2362	196
PA2363	2630
PA2364	3131
PA2365	1696
PA2366	1394
PA2367	336
PA2368	10
PA2369	253
PA2370	84
PA2371	743
PA2373	883
PA2374	348
PA2375	991
PA2376	115
PA2377	733
PA2378	3645
PA2379	1631
PA2380	2042
PA2381	23444
PA2382	798
PA2383	317
PA2384	1502
PA2385	992
PA2386	941
PA2387	6809
PA2388	14108
PA2389	642
PA2390	823
PA2391	319
PA2392	19
PA2393	0
PA2394	432
PA2395	403
PA2396	636
PA2397	0
PA2398	0
PA2399	0
PA2400	0
PA2402	0
PA2403	91
PA2404	66
PA2405	69
PA2406	66
PA2407	146
PA2408	36
PA2409	131
PA2410	231
PA2411	283
PA2412	547
PA2413	1938
PA2414	10224
PA2415	1717
PA2416	11
PA2417	1299
PA2418	399
PA2419	839
PA2420	800
PA2421	3219
PA2422	466
PA2423	12915
PA2424	3440
PA2425	277
PA2426	3368
PA2427	205
PA2428	660
PA2429	292
PA2430	478
PA2431	879
PA2432	574
PA2433	10171
PA2434	773
PA2435	1229
PA2436	850
PA2437	86
PA2438	340
PA2439	203
PA2440	4
PA2441	400
PA2442	2032
PA2443	3009
PA2444	1340
PA2445	11478
PA2446	4706
PA2447	298
PA2448	2037
PA2449	1751
PA2450	1792
PA2453	623
PA2454	560
PA2455	551
PA2457	2840
PA2458	412
PA2459	0
PA2460	1
PA2461	0
PA2462	414
PA2463	271
PA2464	1378
PA2465	213
PA2466	1959
PA2467	715
PA2468	2481
PA2469	184
PA2470	254
PA2471	198
PA2472	127
PA2473	56
PA2474	413
PA2475	1880
PA2476	1261
PA2477	655
PA2478	1335
PA2479	329
PA2480	242
PA2481	961
PA2482	657
PA2483	3508
PA2484	5795
PA2485	1516
PA2486	886
PA2487	276
PA2488	187
PA2489	832
PA2490	478
PA2491	5574
PA2492	725
PA2493	452
PA2494	2058
PA2495	278
PA2496	205
PA2497	323
PA2498	134
PA2499	36
PA2500	914
PA2501	1221
PA2502	321
PA2503	872
PA2504	4915
PA2505	417
PA2506	137
PA2507	124
PA2508	110
PA2509	161
PA2510	268
PA2511	1330
PA2512	1556
PA2513	332
PA2514	102
PA2515	173
PA2516	109
PA2517	99
PA2518	1036
PA2519	574
PA2520	1326
PA2521	373
PA2522	137
PA2523	465
PA2524	597
PA2525	429
PA2526	1760
PA2527	2170
PA2528	1597
PA2529	1614
PA2530	1447
PA2531	763
PA2532	5421
PA2533	2589
PA2534	790
PA2535	558
PA2536	593
PA2537	208
PA2538	36
PA2539	284
PA2540	702
PA2541	1354
PA2542	1861
PA2543	1856
PA2544	2751
PA2545	1857
PA2546	254
PA2547	1037
PA2548	348
PA2549	2989
PA2550	2612
PA2551	9666
PA2552	43290
PA2553	34515
PA2554	12480
PA2555	102294
PA2556	2865
PA2557	15931
PA2558	2606
PA2559	7919
PA2559a	2549
PA2560	2524
PA2561	1338
PA2562	382
PA2563	977
PA2564	0
PA2565	0
PA2566	0
PA2567	4753
PA2568	3273
PA2569	2754
PA2570	12800
PA2570.1	1661
PA2571	10987
PA2572	12988
PA2573	10832
PA2574	5200
PA2575	2060
PA2576	972
PA2577	671
PA2578	217
PA2579	2216
PA2580	601
PA2581	2582
PA2581.1	161
PA2582	4567
PA2583	1472
PA2583.1	10
PA2584	1235
PA2585	3907
PA2586	13998
PA2587	20554
PA2588	37663
PA2589	4169
PA2590	1800
PA2591	21604
PA2592	7499
PA2593	1244
PA2594	0
PA2595	0
PA2596	0
PA2597	0
PA2598	0
PA2599	0
PA2600	0
PA2601	0
PA2602	0
PA2603	0
PA2603.1	128
PA2604	31174
PA2605	390
PA2606	424
PA2607	309
PA2608	529
PA2609	2147
PA2610	2133
PA2611	3077
PA2612	4421
PA2613	3876
PA2614	2826
PA2615	11783
PA2616	6739
PA2617	1327
PA2618	9500
PA2619	3208
PA2620	76899
PA2621	24507
PA2622	7498
PA2623	48358
PA2624	15555
PA2625	308
PA2626	4034
PA2627	571
PA2628	791
PA2629	4059
PA2630	2676
PA2631	7089
PA2632	784
PA2633	4921
PA2634	12801
PA2635	1973
PA2636	360
PA2637	10317
PA2638	14119
PA2639	7916
PA2640	2806
PA2641	8899
PA2642	15411
PA2643	6753
PA2644	2182
PA2645	2169
PA2646	810
PA2647	9368
PA2648	6320
PA2649	6797
PA2650	812
PA2651	4966
PA2652	2111
PA2653	1215
PA2654	2687
PA2655	104
PA2656	1845
PA2657	980
PA2658	1018
PA2659	1564
PA2660	302
PA2661	872
PA2662	1168
PA2663	192
PA2664	5205
PA2665	1341
PA2666	1712
PA2667	4869
PA2669	535
PA2670	681
PA2671	533
PA2672	167
PA2673	167
PA2674	157
PA2675	139
PA2676	654
PA2677	691
PA2678	461
PA2679	572
PA2680	229
PA2681	348
PA2682	1869
PA2683	985
PA2684	2268
PA2685	3207
PA2686	2678
PA2687	3109
PA2688	3214
PA2689	24
PA2690	1
PA2691	330
PA2692	712
PA2693	558
PA2694	615
PA2695	902
PA2696	1717
PA2697	84
PA2698	383
PA2699	1058
PA2700	635
PA2701	348
PA2702	575
PA2703	79
PA2704	1119
PA2705	4177
PA2706	2034
PA2707	5835
PA2708	3460
PA2709	6342
PA2710	987
PA2711	800
PA2712	690
PA2713	1086
PA2714	809
PA2715	90
PA2716	477
PA2717	1815
PA2718	1828
PA2719	556
PA2720	971
PA2721	967
PA2722	97
PA2723	298
PA2724	7
PA2725	1483
PA2726	365
PA2729	347
PA2730	0
PA2732	0
PA2733	0
PA2734	0
PA2735	0
PA2736	0
PA2736.1	1046
PA2737	12642
PA2738	11078
PA2739	3716
PA2740	1909
PA2741	73089
PA2742	25310
PA2743	45500
PA2744	8840
PA2744.1	134
PA2745	1294
PA2746	19569
PA2746a	4071
PA2747	44617
PA2747a	767
PA2748	1687
PA2749	752
PA2750	43
PA2750a	600
PA2751	2538
PA2752	509
PA2753	1577
PA2754	10155
PA2754a	1736
PA2755	5096
PA2755a	2409
PA2756	8580
PA2757	275
PA2758	1172
PA2759	3805
PA2760	7705
PA2761	538
PA2762	465
PA2763	1160
PA2763a	2528
PA2764	1413
PA2765	1375
PA2766	714
PA2767	306
PA2768	425
PA2769	752
PA2770	1786
PA2771	0
PA2772	0
PA2772a	0
PA2773	659
PA2774	381
PA2775	473
PA2775.1	55
PA2776	3917
PA2777	1418
PA2778	627
PA2779	419
PA2780	789
PA2781	579
PA2782	147
PA2783	548
PA2784	217
PA2785	108
PA2786	373
PA2787	6143
PA2788	8062
PA2789	279
PA2790	979
PA2791	226
PA2792	559
PA2793	2347
PA2795	1701
PA2796	8164
PA2797	6932
PA2798	22182
PA2799	2213
PA2800	10366
PA2801	782
PA2802	1863
PA2803	192
PA2804	179
PA2805	5636
PA2806	746
PA2807	206
PA2808	267
PA2809	1024
PA2810	385
PA2811	464
PA2812	1856
PA2813	3287
PA2814	2710
PA2815	15699
PA2816	781
PA2817	2444
PA2818	0
PA2819.1	259
PA2819.2	134
PA2819.3	66
PA2820	5169
PA2821	2424
PA2822	1070
PA2823	559
PA2824	2509
PA2825	428
PA2826	1448
PA2827	9459
PA2828	2033
PA2829	161
PA2830	8412
PA2831	1648
PA2832	1139
PA2833	63
PA2834	161
PA2835	244
PA2836	80
PA2837	184
PA2838	462
PA2839	270
PA2840	1642
PA2841	844
PA2842	876
PA2843	9264
PA2844	473
PA2845	118
PA2846	888
PA2847	369
PA2848	157
PA2849	1014
PA2850	424
PA2851	15181
PA2852	1150
PA2852.1	28
PA2853	116559
PA2854	20762
PA2855	1173
PA2856	1469
PA2857	439
PA2858	1152
PA2859	1301
PA2860	2084
PA2861	273
PA2862	694
PA2863	204
PA2864	2090
PA2865	6721
PA2866	1115
PA2867	4861
PA2868	49253
PA2869	1785
PA2870	2592
PA2871	1597
PA2872	361
PA2873	871
PA2874	186
PA2875	2642
PA2876	601
PA2877	1424
PA2878	307
PA2879	291
PA2880	248
PA2881	205
PA2882	514
PA2883	32767
PA2884	4488
PA2885	2483
PA2886	1548
PA2887	646
PA2888	1489
PA2889	1588
PA2890	93
PA2891	591
PA2892	396
PA2893	2183
PA2894	618
PA2895	595
PA2896	5249
PA2897	14646
PA2898	169
PA2899	1535
PA2900	2154
PA2901	1356
PA2902	2077
PA2903	238
PA2904	361
PA2905	120
PA2906	1896
PA2907	248
PA2908	254
PA2909	26
PA2910	299
PA2911	1143
PA2912	75
PA2913	255
PA2914	149
PA2915	1598
PA2916	27
PA2917	731
PA2918	561
PA2919	82
PA2920	4118
PA2921	252
PA2922	152
PA2923	158
PA2924	198
PA2925	516
PA2926	346
PA2927	1162
PA2928	199
PA2929	192
PA2930	308
PA2931	855
PA2932	254
PA2933	59
PA2934	312
PA2935	52
PA2936	234
PA2937	7217
PA2938	3329
PA2939	14053
PA2940	1300
PA2941	167
PA2942	856
PA2942.1	167
PA2943	593
PA2944	2547
PA2945	2290
PA2946	1285
PA2947	47
PA2948	281
PA2949	769
PA2950	3651
PA2951	13498
PA2952	10947
PA2953	11533
PA2954	508
PA2955	693
PA2956	1678
PA2957	6808
PA2958	2367
PA2958.1	548
PA2959	1498
PA2960	2243
PA2961	1017
PA2962	337
PA2963	3139
PA2964	545
PA2965	9327
PA2966	30811
PA2967	7737
PA2968	1799
PA2969	1099
PA2970	2242
PA2971	4430
PA2972	500
PA2973	3832
PA2974	2889
PA2975	8519
PA2976	18342
PA2977	994
PA2978	521
PA2979	1100
PA2980	549
PA2981	1308
PA2982	1326
PA2983	943
PA2984	761
PA2985	3147
PA2986	928
PA2987	917
PA2988	3580
PA2989	1128
PA2990	2411
PA2991	6452
PA2992	1616
PA2993	5381
PA2994	4928
PA2995	2088
PA2996	3341
PA2997	2488
PA2998	4623
PA2999	6422
PA3000	3607
PA3001	29801
PA3002	6868
PA3003	1177
PA3004	1867
PA3005	2568
PA3006	90170
PA3007	4020
PA3008	1857
PA3009	4306
PA3010	7446
PA3011	10956
PA3012	2694
PA3013	6032
PA3014	10371
PA3015	1823
PA3016	486
PA3017	5916
PA3018	981
PA3019	3507
PA3020	4463
PA3021	786
PA3022	5818
PA3023	2424
PA3024	938
PA3025	251
PA3026	1322
PA3027	1162
PA3028	1147
PA3029	1084
PA3030	336
PA3031	32264
PA3031.1	159
PA3032	16687
PA3033	1362
PA3034	2833
PA3035	105
PA3036	200
PA3037	701
PA3038	2227
PA3039	520
PA3040	11309
PA3041	3646
PA3042	1985
PA3043	2288
PA3044	1068
PA3045	323
PA3046	2417
PA3047	4282
PA3048	3002
PA3049	297069
PA3050	4305
PA3051	614
PA3052	1263
PA3053	1553
PA3054	1179
PA3055	1257
PA3056	1769
PA3057	243
PA3058	821
PA3059	397
PA3060	435
PA3061	280
PA3062	18
PA3063	611
PA3064	788
PA3065	0
PA3066	0
PA3067	0
PA3068	22638
PA3069	989
PA3070	3499
PA3071	747
PA3072	36
PA3073	282
PA3074	738
PA3075	1605
PA3076	759
PA3077	308
PA3078	904
PA3079	3350
PA3080	1656
PA3081	951
PA3082	2390
PA3083	6901
PA3084	2033
PA3085	1932
PA3086	1266
PA3087	819
PA3088	1324
PA3089	572
PA3089a	527
PA3091	2272
PA3092	1175
PA3093	915
PA3094	654
PA3094.1	1080
PA3094.2	1367
PA3094.3	39
PA3095	146
PA3096	462
PA3097	999
PA3098	547
PA3099	316
PA3100	775
PA3101	1470
PA3102	1921
PA3103	6221
PA3104	4618
PA3105	2592
PA3106	861
PA3107	4348
PA3108	7408
PA3109	2283
PA3110	1235
PA3111	3542
PA3112	4798
PA3113	5817
PA3114	1873
PA3115	19531
PA3116	1803
PA3117	3922
PA3118	2963
PA3119	289
PA3120	2097
PA3121	3740
PA3122	1518
PA3123	2070
PA3124	986
PA3125	488
PA3126	54634
PA3127	872
PA3128	657
PA3129	957
PA3130	465
PA3131	572
PA3132	482
PA3133	202
PA3133.1	42
PA3133.2	188
PA3133.3	354
PA3133.4	343
PA3134	5016
PA3135	1420
PA3136	468
PA3137	1766
PA3138	6413
PA3139	5103
PA3139.1	38
PA3140	789
PA3141	18040
PA3142	0
PA3143	0
PA3145	0
PA3146	0
PA3147	0
PA3148	0
PA3149	0
PA3150	0
PA3151	0
PA3152	0
PA3153	0
PA3154	0
PA3155	0
PA3156	0
PA3157	0
PA3158	0
PA3159	0
PA3160	0
PA3161	5409
PA3162	128983
PA3163	4044
PA3165	1615
PA3166	3828
PA3167	5725
PA3168	16838
PA3169	1385
PA3170	1603
PA3171	3205
PA3172	786
PA3173	1909
PA3174	373
PA3175	394
PA3176	330
PA3177	1126
PA3178	667
PA3179	2884
PA3180	1399
PA3181	1394
PA3182	316
PA3183	3626
PA3184	1476
PA3185	4833
PA3186	2618
PA3187	675
PA3188	884
PA3189	454
PA3190	1852
PA3191	699
PA3192	856
PA3193	1135
PA3194	2648
PA3195	5244
PA3196	794
PA3197	1108
PA3198	1260
PA3199	1467
PA3200	1778
PA3201	4368
PA3202	451
PA3203	549
PA3204	385
PA3205	640
PA3206	677
PA3207	16
PA3208	433
PA3209	118
PA3210	1498
PA3211	2081
PA3212	370
PA3213	1053
PA3214	535
PA3215	2474
PA3216	1502
PA3217	2103
PA3219	379
PA3220	335
PA3221	104
PA3222	313
PA3223	392
PA3224	2618
PA3225	2317
PA3226	894
PA3227	1395
PA3228	3816
PA3229	851
PA3230	1939
PA3231	3684
PA3232	306
PA3233	602
PA3234	2222
PA3235	713
PA3236	942
PA3237	16627
PA3238	14532
PA3239	1149
PA3240	1728
PA3241	668
PA3242	2104
PA3243	959
PA3244	4246
PA3245	1591
PA3246	556
PA3247	3274
PA3248	469
PA3249	711
PA3250	1697
PA3251	385
PA3252	438
PA3253	388
PA3254	534
PA3255	1842
PA3256	1705
PA3257	26833
PA3258	3150
PA3259	1042
PA3260	1501
PA3261	9219
PA3262	8537
PA3262.1	493
PA3262.2	17
PA3263	1352
PA3264	688
PA3265	827
PA3266	21740
PA3267	3079
PA3268	1730
PA3269	870
PA3270	1488
PA3271	3468
PA3272	2028
PA3273	1662
PA3274	4075
PA3275	376
PA3276	356
PA3277	1259
PA3278	3648
PA3279	446
PA3280	1124
PA3281	198
PA3282	140
PA3283	264
PA3284	214
PA3285	1506
PA3286	5870
PA3287	14903
PA3288	3593
PA3289	1445
PA3290	5681
PA3291	265
PA3292	2
PA3293	124
PA3294	213
PA3295	1243
PA3296	222
PA3297	5256
PA3298	78
PA3299	5112
PA3300	2802
PA3301	779
PA3302	1089
PA3303	655
PA3303a	0
PA3304	506
PA3304.1	0
PA3305	1875
PA3305.1	5484
PA3306	2200
PA3307	729
PA3308	2669
PA3309	23892
PA3310	3618
PA3311	3609
PA3312	482
PA3313	1071
PA3314	177
PA3315	89
PA3316	84
PA3317	350
PA3318	214
PA3319	956
PA3320	136
PA3321	326
PA3322	950
PA3323	680
PA3324	980
PA3325	645
PA3326	11429
PA3327	4064
PA3328	182
PA3329	444
PA3330	232
PA3331	455
PA3332	290
PA3333	348
PA3334	410
PA3335	1043
PA3336	479
PA3337	1769
PA3338	1005
PA3339	1795
PA3340	3549
PA3341	2658
PA3342	1755
PA3343	2816
PA3344	7485
PA3345	2379
PA3346	13555
PA3347	19764
PA3348	12484
PA3349	41361
PA3350	4069
PA3351	8998
PA3352	5724
PA3353	10289
PA3354	2151
PA3355	2248
PA3356	6271
PA3357	772
PA3358	102
PA3359	517
PA3360	217
PA3361	10974
PA3362	0
PA3363	829
PA3364	1983
PA3365	1880
PA3366	15174
PA3366.1	63
PA3367	0
PA3368	759
PA3368.1	0
PA3369	3436
PA3370	2105
PA3371	1739
PA3372	1366
PA3373	492
PA3374	484
PA3375	115
PA3376	159
PA3377	400
PA3378	312
PA3379	43
PA3380	7
PA3381	57
PA3382	192
PA3383	229
PA3384	336
PA3385	211538
PA3386	8270
PA3387	407
PA3388	177
PA3389	308
PA3390	172
PA3391	19526
PA3392	2623
PA3393	703
PA3394	111
PA3395	98
PA3396	111
PA3397	3473
PA3398	1103
PA3399	471
PA3400	614
PA3401	530
PA3402	675
PA3403	287
PA3403a	1514
PA3404	186
PA3405	134
PA3406	112
PA3407	1198
PA3408	1057
PA3409	162
PA3410	229
PA3411	108
PA3412	511
PA3413	2248
PA3414	763
PA3415	3065
PA3416	2911
PA3417	3152
PA3418	19643
PA3419	1916
PA3420	422
PA3421	868
PA3422	1173
PA3423	582
PA3424	478
PA3425	202
PA3426	548
PA3427	564
PA3428	284
PA3429	267
PA3430	946
PA3431	273
PA3432	131
PA3433	639
PA3434	41
PA3435	1642
PA3436	116
PA3437	843
PA3438	958
PA3439	883
PA3440	1015
PA3440a	1115
PA3441	2043
PA3442	106
PA3443	464
PA3444	379
PA3445	1740
PA3446	1448
PA3447	179
PA3448	242
PA3449	25120
PA3450	7588
PA3451	3935
PA3452	3391
PA3453	396
PA3454	778
PA3455	4415
PA3456	500
PA3457	484
PA3458	3042
PA3459	9137
PA3460	3938
PA3461	2700
PA3462	1765
PA3463	315
PA3464	900
PA3465	3445
PA3466	1261
PA3467	329
PA3468	1004
PA3469	55
PA3470	179
PA3471	3070
PA3472	5720
PA3473	597
PA3474	523
PA3475	2018
PA3476	13964
PA3477	125345
PA3478	49471
PA3479	155965
PA3480	3266
PA3481	2051
PA3482	13226
PA3483	1756
PA3484	689
PA3485	114
PA3486	1204
PA3487	2534
PA3488	1115
PA3489	1418
PA3490	318
PA3491	855
PA3492	348
PA3493	160
PA3494	465
PA3495	1010
PA3496	1407
PA3497	0
PA3498	0
PA3499	0
PA3500	0
PA3501	0
PA3502	0
PA3504	0
PA3505	0
PA3506	0
PA3507	0
PA3508	0
PA3509	0
PA3510	0
PA3511	0
PA3512	0
PA3513	0
PA3514	0
PA3515	1573
PA3516	795
PA3517	677
PA3518	298
PA3519	1235
PA3520	10263
PA3521	187
PA3522	1598
PA3523	485
PA3524	7151
PA3525	10334
PA3526	3281
PA3527	968
PA3528	2135
PA3529	58431
PA3530	19401
PA3531	3710
PA3532	617
PA3533	58961
PA3534	747
PA3535	2127
PA3536	1429
PA3537	1397
PA3538	1869
PA3539	3590
PA3540	1032
PA3541	1409
PA3542	419
PA3543	180
PA3544	590
PA3545	3625
PA3546	357
PA3547	231
PA3548	788
PA3549	173
PA3550	320
PA3551	2171
PA3552	3118
PA3553	1501
PA3554	7148
PA3555	542
PA3556	1068
PA3557	242
PA3558	124
PA3559	5046
PA3560	560
PA3561	196
PA3562	685
PA3563	687
PA3564	222
PA3565	565
PA3566	71
PA3567	704
PA3568	2853
PA3569	4927
PA3570	23449
PA3571	441
PA3572	2257
PA3573	1453
PA3574	2003
PA3574a	750
PA3575	683
PA3576	1238
PA3577	244
PA3578	2081
PA3579	644
PA3580	727
PA3581	1073
PA3582	1779
PA3583	923
PA3584	2489
PA3585	212
PA3586	706
PA3587	1212
PA3588	582
PA3589	143
PA3590	215
PA3591	47
PA3592	149
PA3593	417
PA3594	769
PA3595	693
PA3596	619
PA3597	737
PA3598	823
PA3599	1430
PA3600	161
PA3601	1061
PA3602	2457
PA3603	533
PA3604	1492
PA3605	1119
PA3606	521
PA3607	337
PA3608	227
PA3609	164
PA3610	591
PA3611	1462
PA3612	714
PA3613	4586
PA3614	4236
PA3615	8703
PA3616	629
PA3617	14519
PA3618	3475
PA3619	2280
PA3620	3887
PA3621	1210
PA3621.1	9166
PA3622	42537
PA3623	84793
PA3624	3050
PA3625	1883
PA3626	1954
PA3627	1675
PA3628	1887
PA3629	4437
PA3630	805
PA3631	1147
PA3632	324
PA3633	302
PA3634	1283
PA3635	8907
PA3636	3662
PA3637	17311
PA3638	479
PA3639	5331
PA3640	12508
PA3641	2853
PA3642	486
PA3643	827
PA3644	5062
PA3645	2097
PA3646	4311
PA3647	3005
PA3648	11261
PA3649	13046
PA3650	2183
PA3651	1114
PA3652	3892
PA3653	4749
PA3654	2632
PA3655	8013
PA3656	15508
PA3657	10573
PA3658	4423
PA3659	1153
PA3660	1660
PA3661	242
PA3662	15943
PA3663	3308
PA3664	2933
PA3665	460
PA3666	3790
PA3667	2299
PA3668	591
PA3669	2051
PA3670	1047
PA3671	399
PA3672	1001
PA3673	3360
PA3674	726
PA3675	2273
PA3676	11045
PA3677	1683
PA3678	8642
PA3679	753
PA3680	251
PA3681	54
PA3682	254
PA3683	2182
PA3684	369
PA3685	1047
PA3686	4107
PA3687	4768
PA3688	2561
PA3689	2403
PA3690	12169
PA3691	45005
PA3692	33978
PA3693	168
PA3694	403
PA3695	1218
PA3696	611
PA3697	1754
PA3698	1598
PA3699	769
PA3700	4004
PA3701	8434
PA3702	2773
PA3703	1774
PA3704	1928
PA3705	977
PA3706	1702
PA3707	1581
PA3708	6535
PA3709	1261
PA3710	1803
PA3711	2797
PA3712	2379
PA3713	1026
PA3714	697
PA3715	981
PA3716	3571
PA3717	842
PA3718	2055
PA3719	660
PA3720	2529
PA3721	3285
PA3722	1196
PA3723	12847
PA3724	96551
PA3725	3213
PA3726	596
PA3727	309
PA3728	5262
PA3729	2668
PA3730	359
PA3731	1872
PA3732	2474
PA3733	4395
PA3733a	9928
PA3734	2920
PA3735	4945
PA3736	3479
PA3737	6287
PA3738	1404
PA3739	3177
PA3740	8644
PA3741	1095
PA3742	6837
PA3743	6906
PA3744	7398
PA3745	4701
PA3746	3864
PA3747	2615
PA3748	973
PA3749	487
PA3750	127
PA3751	1743
PA3752	284
PA3753	9521
PA3754	1679
PA3755	1895
PA3756	4387
PA3757	285
PA3758	313
PA3759	164
PA3760	692
PA3761	937
PA3762	4267
PA3763	14182
PA3764	2181
PA3765	33
PA3766	1760
PA3767	2127
PA3768	6585
PA3769	4649
PA3770	5968
PA3771	957
PA3772	372
PA3773	43
PA3774	116
PA3775	214
PA3776	65
PA3777	950
PA3778	594
PA3779	459
PA3780	91
PA3781	629
PA3782	1648
PA3783	3293
PA3784	4193
PA3785	8451
PA3786	3575
PA3787	3160
PA3788	786
PA3789	2283
PA3790	7853
PA3791	5808
PA3792	5081
PA3793	2001
PA3794	721
PA3795	4167
PA3796	1691
PA3797	4175
PA3798	1095
PA3799	5669
PA3800	6209
PA3801	2498
PA3802	6651
PA3803	4928
PA3804	1826
PA3805	4199
PA3806	7923
PA3807	6770
PA3808	7281
PA3809	3609
PA3810	14126
PA3811	9416
PA3812	6921
PA3813	7669
PA3814	45606
PA3815	78645
PA3816	5186
PA3817	2719
PA3818	5685
PA3819	93981
PA3820	2005
PA3821	3234
PA3822	2093
PA3823	2158
PA3824	1265
PA3824.1	113
PA3825	3011
PA3826	850
PA3827	2985
PA3828	5910
PA3829	725
PA3830	845
PA3831	4562
PA3832	263
PA3833	440
PA3834	6723
PA3835	816
PA3836	2530
PA3837	467
PA3838	444
PA3839	1893
PA3840	678
PA3841	0
PA3842	815
PA3844	343
PA3845	653
PA3846	2717
PA3847	791
PA3848	1311
PA3849	3717
PA3850	830
PA3851	696
PA3852	2648
PA3853	317
PA3854	213
PA3855	846
PA3856	546
PA3857	2744
PA3858	3177
PA3859	1328
PA3860	1598
PA3861	3593
PA3862	666
PA3863	473
PA3864	770
PA3865	1779
PA3865a	2166
PA3866	8733
PA3867	2130
PA3868	920
PA3869	611
PA3870	324
PA3871	88
PA3872	213
PA3873	74
PA3874	1243
PA3875	1531
PA3876	246
PA3877	411
PA3878	1930
PA3879	956
PA3880	889
PA3881	1183
PA3882	432
PA3883	169
PA3884	73
PA3885	137
PA3886	278
PA3886a	533
PA3887	858
PA3888	1174
PA3889	1275
PA3890	979
PA3891	1573
PA3892	345
PA3893	600
PA3894	1369
PA3895	984
PA3896	472
PA3897	460
PA3898	1476
PA3899	1076
PA3900	489
PA3901	2366
PA3902	1023
PA3903	2064
PA3904	469
PA3905	447
PA3906	162
PA3907	667
PA3908	1088
PA3909	1043
PA3910	837
PA3911	156
PA3912	313
PA3913	858
PA3914	214
PA3915	163
PA3916	554
PA3917	267
PA3918	916
PA3919	5772
PA3920	2007
PA3921	3180
PA3922	13091
PA3923	14718
PA3924	7555
PA3925	1755
PA3926	452
PA3927	320
PA3928	560
PA3929	6377
PA3930	14310
PA3931	1319
PA3932	527
PA3933	2599
PA3934	1924
PA3935	401
PA3936	256
PA3937	313
PA3938	2495
PA3939	89
PA3940	10610
PA3941	356
PA3942	1755
PA3943	1076
PA3944	640
PA3945	7360
PA3946	1604
PA3947	1740
PA3948	2186
PA3949	1631
PA3950	1657
PA3951	3242
PA3952	3685
PA3953	171
PA3954	549
PA3955	787
PA3956	750
PA3957	2616
PA3958	1886
PA3959	310
PA3960	458
PA3961	1841
PA3962	3713
PA3963	581
PA3963a	136
PA3965	927
PA3966	3030
PA3967	341
PA3968	444
PA3969	1185
PA3969a	408
PA3970	2706
PA3971	2250
PA3972	12842
PA3973	4077
PA3974	5093
PA3975	806
PA3976	200
PA3977	2603
PA3978	4983
PA3979	1369
PA3980	4341
PA3981	5655
PA3982	780
PA3983	2390
PA3984	1746
PA3985	664
PA3986	11377
PA3987	14044
PA3988	2829
PA3989	1637
PA3990	106
PA3992	1580
PA3993	0
PA3994	314
PA3995	1044
PA3996	4984
PA3997	2418
PA3998	843
PA3999	7124
PA4000	4639
PA4001	3631
PA4002	2604
PA4003	2055
PA4004	815
PA4005	3622
PA4006	1472
PA4007	2657
PA4008	558
PA4009	460
PA4010	5139
PA4011	2127
PA4012	2345
PA4013	647
PA4014	748
PA4015	1429
PA4016	1285
PA4017	3140
PA4018	151
PA4019	1906
PA4020	2517
PA4021	2837
PA4022	2029
PA4023	725
PA4024	1510
PA4025	1271
PA4026	1608
PA4027	655
PA4027a	205
PA4029	2092
PA4030	936
PA4031	3488
PA4032	3878
PA4033	165
PA4034	805
PA4035	819
PA4036	3313
PA4037	614
PA4038	388
PA4039	2519
PA4040	1443
PA4041	1445
PA4042	514
PA4043	285
PA4044	6039
PA4045	395
PA4046	588
PA4047	3476
PA4048	1185
PA4049	1099
PA4050	632
PA4051	113
PA4052	1618
PA4053	4694
PA4054	905
PA4055	1228
PA4056	552
PA4057	1107
PA4060	354
PA4061	1771
PA4062	65
PA4063	174
PA4064	163
PA4065	670
PA4066	474
PA4067	17930
PA4068	1443
PA4069	4705
PA4070	1733
PA4071	328
PA4072	894
PA4073	505
PA4074	250
PA4075	528
PA4076	172
PA4077	62
PA4078	12916
PA4079	3033
PA4080	1573
PA4081	926
PA4082	590
PA4083	67
PA4084	662
PA4085	152
PA4086	248
PA4087	206
PA4088	140
PA4089	221
PA4090	6597
PA4091	656
PA4092	61
PA4093	77
PA4094	2134
PA4095	131
PA4096	75
PA4097	37
PA4098	52
PA4099	434
PA4100	758
PA4101	0
PA4102	0
PA4103	0
PA4104	0
PA4105	0
PA4106	0
PA4107	0
PA4108	2624
PA4108a	915
PA4109	696
PA4110	670
PA4111	982
PA4112	5854
PA4113	811
PA4114	2604
PA4115	4379
PA4116	1836
PA4117	26481
PA4118	2490
PA4119	530
PA4120	548
PA4121	155
PA4122	349
PA4123	509
PA4124	375
PA4125	182
PA4126	546
PA4127	2036
PA4128	843
PA4129	3724
PA4130	19443
PA4131	6191
PA4132	10562
PA4133	21537
PA4134	2134
PA4135	1383
PA4136	950
PA4137	865
PA4138	486
PA4139	11082
PA4140	1797
PA4141	88177
PA4142	5261
PA4143	2180
PA4144	1065
PA4145	459
PA4145a	318
PA4147	0
PA4148	0
PA4149	0
PA4150	0
PA4151	0
PA4152	0
PA4153	0
PA4154	738
PA4155	366
PA4156	4755
PA4157	709
PA4158	1194
PA4159	2744
PA4160	1188
PA4161	310
PA4162	249
PA4163	1566
PA4164	564
PA4165	458
PA4166	220
PA4167	245
PA4168	2996
PA4169	338
PA4170	315
PA4171	2115
PA4172	431
PA4173	94
PA4174	402
PA4175	2683
PA4176	2519
PA4177	1
PA4178	241
PA4179	894
PA4180	2320
PA4181	130
PA4182	350
PA4183	544
PA4184	753
PA4185	612
PA4186	3106
PA4187	653
PA4188	91
PA4189	276
PA4190	874
PA4191	0
PA4192	0
PA4193	0
PA4194	0
PA4195	0
PA4196	329
PA4197	531
PA4198	1694
PA4199	2370
PA4200	661
PA4201	2084
PA4202	384
PA4203	265
PA4204	5817
PA4205	24274
PA4206	20858
PA4207	37724
PA4208	6952
PA4209	6127
PA4210	449
PA4211	1459
PA4212	22
PA4213	0
PA4214	22
PA4215	30
PA4216	23
PA4217	2838
PA4218	3763
PA4219	2695
PA4220	1085
PA4221	80749
PA4222	5501
PA4223	6897
PA4224	12382
PA4225	38623
PA4226	33364
PA4227	8032
PA4228	19790
PA4229	1993
PA4230	1961
PA4231	18977
PA4232	2510
PA4233	2030
PA4234	5837
PA4235	3997
PA4236	148546
PA4237	15936
PA4238	17044
PA4239	11288
PA4240	6278
PA4241	13647
PA4242	10703
PA4243	39409
PA4244	9500
PA4245	1746
PA4246	10770
PA4247	5105
PA4248	12341
PA4249	17040
PA4250	12271
PA4251	19808
PA4252	5152
PA4253	11398
PA4254	3998
PA4255	492
PA4256	8335
PA4257	16470
PA4258	7154
PA4259	5331
PA4260	15864
PA4261	2491
PA4262	10143
PA4263	22869
PA4264	34938
PA4265	5532
PA4266	45040
PA4267	15062
PA4268	26161
PA4269	47144
PA4270	40622
PA4270.1	1009
PA4271	11284
PA4272	8106
PA4272.1	824
PA4273	13704
PA4274	10299
PA4275	32369
PA4276	31977
PA4276.1	1088
PA4277	39440
PA4277.1	642
PA4277.2	53
PA4277.3	1907
PA4278	3502
PA4279	1229
PA4280	1070
PA4280.1	7
PA4280.2	3093
PA4280.3	7
PA4280.4	0
PA4280.5	715
PA4281	1603
PA4282	4463
PA4283	1133
PA4284	3020
PA4285	2832
PA4286	731
PA4287	210
PA4288	604
PA4289	229
PA4290	851
PA4291	2541
PA4292	2370
PA4293	1546
PA4294	2615
PA4295	600
PA4296	13842
PA4297	2888
PA4298	13
PA4299	213
PA4300	533
PA4301	461
PA4302	1485
PA4303	1505
PA4304	2693
PA4305	3242
PA4306	24727
PA4307	2222
PA4308	2708
PA4309	4090
PA4310	2598
PA4311	7879
PA4312	1565
PA4313	1436
PA4313a	575
PA4314	3802
PA4315	22887
PA4316	3610
PA4317	2115
PA4318	582
PA4319	463
PA4320	912
PA4321	427
PA4322	608
PA4323	1568
PA4324	6219
PA4325	1489
PA4326	1466
PA4327	1425
PA4328	2740
PA4329	3311
PA4330	1429
PA4331	410
PA4332	2670
PA4333	3643
PA4334	924
PA4335	845
PA4336	1019
PA4337	928
PA4338	1606
PA4339	340
PA4340	1687
PA4341	358
PA4342	417
PA4343	257
PA4344	1064
PA4345	3468
PA4346	117
PA4347	500
PA4348	3637
PA4349	1212
PA4350	2872
PA4351	3076
PA4352	23342
PA4353	1103
PA4354	724
PA4355	442
PA4356	9001
PA4357	369
PA4358	11595
PA4359	1133
PA4360a	32
PA4361	1103
PA4362	959
PA4363	453
PA4364	59
PA4365	177
PA4366	25660
PA4367	4135
PA4368	2031
PA4369	2325
PA4370	4681
PA4371	1303
PA4372	1225
PA4373	1320
PA4374	1912
PA4375	2605
PA4376	2241
PA4377	13609
PA4378	2283
PA4379	3677
PA4380	1170
PA4381	2010
PA4382	1602
PA4383	2320
PA4384	1038
PA4385	87446
PA4386	16217
PA4387	3101
PA4388	983
PA4389	4155
PA4390	5859
PA4391	1204
PA4392	152
PA4393	2252
PA4394	2243
PA4395	9381
PA4396	614
PA4397	344
PA4398	1484
PA4399	930
PA4400	1741
PA4401	1403
PA4402	2625
PA4403	42742
PA4404	1354
PA4405	1983
PA4406	65736
PA4406.1	13
PA4407	18523
PA4408	10658
PA4409	3730
PA4410	3242
PA4411	7122
PA4412	3089
PA4413	6073
PA4414	6249
PA4415	5205
PA4416	4656
PA4417	4281
PA4418	10208
PA4419	1130
PA4420	3722
PA4421	6807
PA4421.1	2715109
PA4422	1493
PA4423	4435
PA4424	1287
PA4425	2790
PA4426	1866
PA4427	2450
PA4428	971
PA4429	9804
PA4430	6708
PA4431	4861
PA4432	7486
PA4433	7871
PA4434	4982
PA4435	16409
PA4436	1941
PA4437	1057
PA4438	1434
PA4439	2447
PA4440	1632
PA4441	1769
PA4442	4209
PA4443	2897
PA4444	2037
PA4445	1392
PA4446	3139
PA4447	2197
PA4448	4058
PA4449	3437
PA4450	8735
PA4451	2023
PA4451.1	0
PA4452	288
PA4453	6013
PA4454	2824
PA4455	2235
PA4456	13178
PA4457	10341
PA4458	3858
PA4459	4499
PA4460	4350
PA4461	6941
PA4462	8052
PA4463	33550
PA4464	7028
PA4465	10600
PA4466	3428
PA4467	2583
PA4468	6583
PA4469	2143
PA4470	27844
PA4471	23860
PA4472	6034
PA4473	2962
PA4474	9366
PA4475	3551
PA4476	5806
PA4477	5013
PA4478	755
PA4479	353
PA4480	1674
PA4481	3528
PA4482	1319
PA4483	3564
PA4484	4273
PA4485	137
PA4486	499
PA4487	475
PA4488	499
PA4489	2814
PA4490	468
PA4491	1641
PA4492	2453
PA4493	3876
PA4494	2642
PA4495	10981
PA4496	4364
PA4497	1959
PA4498	1923
PA4499	2711
PA4500	5992
PA4501	483
PA4502	1856
PA4503	126
PA4504	320
PA4505	592
PA4506	1427
PA4507	862
PA4508	280
PA4509	83
PA4510	449
PA4511	1589
PA4512	2788
PA4513	2886
PA4514	3563
PA4515	2292
PA4516	994
PA4517	1581
PA4518	278
PA4519	6298
PA4520	5734
PA4521	1439
PA4522	1455
PA4523	129309
PA4524	2704
PA4524.1	1
PA4525	3
PA4526	3102
PA4528	3778
PA4529	1980
PA4530	348
PA4531	460
PA4532	982
PA4533	895
PA4534	1940
PA4535	1874
PA4536	861
PA4537	672
PA4538	3340
PA4539	3431
PA4540	620
PA4541	2815
PA4541.1	12
PA4541.2	16
PA4541.3	298
PA4542	40960
PA4543	752
PA4544	3371
PA4545	3706
PA4546	1732
PA4547	1361
PA4548	1505
PA4549	435
PA4550	2903
PA4551	1748
PA4552	2147
PA4553	2047
PA4554	5724
PA4555	484
PA4556	1249
PA4557	2003
PA4558	2293
PA4559	2143
PA4560	13686
PA4561	3836
PA4562	1857
PA4563	9354
PA4564	1513
PA4565	5371
PA4566	6009
PA4567	15632
PA4568	13114
PA4569	3090
PA4570	14161
PA4571	2370
PA4572	7337
PA4573	10035
PA4574	846
PA4575	3014
PA4576	9149
PA4577	1315
PA4578	3901
PA4579	1495
PA4580	674
PA4581	2070
PA4581.1	3961
PA4582	1357
PA4583	1204
PA4584	1068
PA4585	338
PA4586	39
PA4587	2783
PA4588	2056
PA4589	1171
PA4590	2979
PA4591	1254
PA4592	533
PA4593	240
PA4594	4091
PA4595	7387
PA4596	5760
PA4597	555
PA4598	3438
PA4599	564
PA4600	957
PA4601	4807
PA4602	4456
PA4603	412
PA4604	2044
PA4605	2553
PA4606	25655
PA4607	64760
PA4608	7446
PA4609	2620
PA4610	1334
PA4611	32923
PA4612	880
PA4613	10103
PA4614	12241
PA4615	7080
PA4616	594
PA4617	1977
PA4618	1321
PA4619	738
PA4620	538
PA4621	7590
PA4622	642
PA4623	345
PA4624	10861
PA4625	5508
PA4626	580
PA4627	306
PA4628	1703
PA4629	827
PA4630	1391
PA4631	1870
PA4632	2288
PA4633	4167
PA4634	1404
PA4635	1366
PA4635a	548
PA4636	2646
PA4636a	668
PA4637	734
PA4637a	9857
PA4639	3250
PA4640	4185
PA4642	498
PA4643	733
PA4644	336
PA4645	791
PA4646	1333
PA4647	2362
PA4648	608
PA4649	352
PA4650	439
PA4651	111
PA4652	503
PA4653	507
PA4654	593
PA4655	7246
PA4656	3495
PA4657	10986
PA4658	899
PA4659	372
PA4660	974
PA4661	30270
PA4662	1382
PA4663	428
PA4664	575
PA4665	2289
PA4666	10581
PA4667	3590
PA4668	328
PA4669	2086
PA4669.1	1532
PA4670	12009
PA4671	8442
PA4672	785
PA4673	2490
PA4673.1	49
PA4674	3326
PA4675	2500
PA4676	2967
PA4677	2113
PA4678	653
PA4679	135
PA4680	417
PA4681	986
PA4682	1064
PA4683	2357
PA4684	943
PA4685	437
PA4686	2378
PA4687	10120
PA4688	908
PA4689	5008
PA4690	1733
PA4690.1	14
PA4690.2	446
PA4690.3	0
PA4690.4	0
PA4690.5	54
PA4690a	2574
PA4691	901
PA4692	1152
PA4693	4187
PA4694	8134
PA4695	1222
PA4696	6574
PA4697	706
PA4698	1465
PA4699	978
PA4700	5319
PA4701	4890
PA4702	2914
PA4703	3160
PA4704	1629
PA4704.1	1835
PA4704.2	1084
PA4705	1794
PA4706	591
PA4707	558
PA4708	1880
PA4709	1388
PA4710	3290
PA4711	909
PA4712	2956
PA4713	5090
PA4714	2474
PA4715	2155
PA4716	1003
PA4717	4141
PA4718	1071
PA4719	1472
PA4720	1403
PA4721	787
PA4722	2649
PA4723	7023
PA4724	443
PA4724.1	168
PA4725	2815
PA4726	8093
PA4726.1	55
PA4726.11	126010
PA4726.2	0
PA4727	6044
PA4728	285
PA4729	1367
PA4730	813
PA4731	556
PA4732	9395
PA4733	7156
PA4734	2448
PA4735	11011
PA4736	363
PA4737	563
PA4738	85205
PA4739	95871
PA4740	10639
PA4741	27294
PA4742	2854
PA4743	768
PA4744	17537
PA4745	12356
PA4746	6549
PA4746.1	3004
PA4746.2	1532
PA4747	7156
PA4748	12714
PA4749	5925
PA4750	3574
PA4751	78459
PA4752	11381
PA4753	8210
PA4754	1642
PA4755	3144
PA4756	10953
PA4757	1079
PA4758	6740
PA4758.1	8
PA4759	1673
PA4760	3073
PA4761	35858
PA4762	7420
PA4763	5052
PA4764	34272
PA4765	10132
PA4766	741
PA4767	4989
PA4768	1880
PA4769	2525
PA4770	1971
PA4771	541
PA4772	1729
PA4773	6466
PA4774	8624
PA4775	3021
PA4776	1237
PA4777	2538
PA4778	13207
PA4779	755
PA4780	3341
PA4781	9062
PA4782	10065
PA4783	320
PA4784	359
PA4785	1930
PA4786	2572
PA4787	6000
PA4788	457
PA4789	220
PA4790	241
PA4791	429
PA4792	461
PA4793	2922
PA4794	415
PA4795	19
PA4796	514
PA4797	113
PA4798	636
PA4799	162
PA4800	350
PA4801	554
PA4802	169
PA4802.1	66
PA4803	706
PA4804	450
PA4805	754
PA4806	671
PA4807	851
PA4808	902
PA4809	277
PA4810	876
PA4811	1086
PA4812	14707
PA4813	500
PA4814	288
PA4815	215
PA4816	671
PA4817	171
PA4818	157
PA4819	108
PA4820	153
PA4821	409
PA4822	1871
PA4823	51
PA4824	275
PA4825	8011
PA4826	951
PA4827	845
PA4828	133
PA4829	1688
PA4830	180
PA4831	535
PA4832	424
PA4833	2803
PA4834	410
PA4835	267
PA4836	191
PA4837	918
PA4838	369
PA4839	3532
PA4840	473
PA4841	1148
PA4842	13633
PA4843	27898
PA4844	575
PA4845	1646
PA4846	2166
PA4847	560
PA4848	5263
PA4849	0
PA4850	487
PA4851	1804
PA4852	6091
PA4853	672
PA4854	2320
PA4855	762
PA4856	4719
PA4857	407
PA4858	1334
PA4859	146
PA4860	119
PA4861	225
PA4862	142
PA4863	277
PA4864	28
PA4865	34
PA4866	129
PA4867	87
PA4868	2072
PA4869	2424
PA4870	926
PA4871	111
PA4872	1135
PA4873	2015
PA4874	3134
PA4876	26144
PA4877	2578
PA4878	2401
PA4879	4751
PA4880	8110
PA4881	2217
PA4882	542
PA4883	60
PA4884	108
PA4885	534
PA4886	370
PA4887	1142
PA4888	570
PA4889	192
PA4890	241
PA4891	117
PA4892	23
PA4893	307
PA4894	17
PA4895	270
PA4896	562
PA4897	1451
PA4898	448
PA4899	511
PA4900	259
PA4901	549
PA4902	505
PA4903	120
PA4904	405
PA4905	278
PA4906	1046
PA4907	830
PA4908	122
PA4909	462
PA4910	526
PA4911	228
PA4912	1608
PA4913	6658
PA4914	895
PA4915	12667
PA4916	2539
PA4917	1437
PA4918	347
PA4919	1372
PA4920	869
PA4921	465
PA4922	26420
PA4923	354
PA4924	1304
PA4925	2184
PA4926	442
PA4927	876
PA4928	3719
PA4929	9156
PA4930	3298
PA4931	3877
PA4932	5000
PA4933	4236
PA4934	3825
PA4935	9170
PA4936	1747
PA4937	16615
PA4937.1	1608
PA4937.2	1848
PA4938	4963
PA4939	2630
PA4940	1055
PA4941	10008
PA4942	12557
PA4943	20045
PA4944	36408
PA4945	24123
PA4946	4758
PA4947	8562
PA4948	1115
PA4949	1204
PA4950	4477
PA4951	2652
PA4952	3324
PA4953	2209
PA4954	2599
PA4955	1446
PA4956	830
PA4957	1110
PA4958	3963
PA4959	4131
PA4960	3798
PA4961	2655
PA4962	201
PA4963	10328
PA4964	5441
PA4965	412
PA4966	456
PA4967	2531
PA4968	1211
PA4969	541
PA4970	673
PA4971	4533
PA4972	2783
PA4973	3524
PA4974	3434
PA4975	1299
PA4976	630
PA4977	529
PA4978	261
PA4979	408
PA4980	85
PA4981	742
PA4982	423
PA4983	766
PA4984	1201
PA4985	390
PA4986	1119
PA4987	442
PA4988	534
PA4989	450
PA4990	221
PA4991	977
PA4992	756
PA4993	1304
PA4994	860
PA4995	742
PA4996	6425
PA4997	6179
PA4998	2628
PA4999	1916
PA5000	4881
PA5001	3313
PA5002	4366
PA5003	26119
PA5004	3404
PA5005	6230
PA5006	1769
PA5007	706
PA5008	974
PA5009	605
PA5010	1893
PA5011	1987
PA5012	2531
PA5013	11155
PA5014	6400
PA5015	23230
PA5016	9900
PA5017	8403
PA5018	2738
PA5019	2247
PA5020	2431
PA5021	1298
PA5022	2970
PA5023	3014
PA5024	1031
PA5025	757
PA5026	998
PA5027	2711
PA5028	5925
PA5029	400
PA5030	1229
PA5031	166
PA5032	262
PA5033	521
PA5034	2065
PA5035	3833
PA5036	11500
PA5037	13451
PA5038	3102
PA5039	6860
PA5040	11614
PA5041	2985
PA5042	3719
PA5043	2686
PA5044	38888
PA5045	25193
PA5046	7854
PA5047	5162
PA5048	1970
PA5049	11584
PA5050	874
PA5051	5023
PA5052	610
PA5053	3884
PA5054	3886
PA5055	1841
PA5056	7764
PA5057	6929
PA5058	6903
PA5059	2519
PA5060	17166
PA5061	4904
PA5062	1104
PA5063	2894
PA5064	398
PA5065	1608
PA5066	4054
PA5067	2192
PA5068	1832
PA5069	247
PA5070	1374
PA5071	245
PA5072	750
PA5073	1729
PA5074	716
PA5075	640
PA5076	1314
PA5077	7649
PA5078	11529
PA5079	744
PA5080	2589
PA5081	818
PA5082	500
PA5083	104
PA5084	219
PA5085	796
PA5087	499
PA5088	343
PA5089	1006
PA5090	694
PA5091	1055
PA5092	383
PA5093	675
PA5094	414
PA5095	620
PA5096	472
PA5097	560
PA5098	407
PA5099	779
PA5100	783
PA5101	619
PA5102	190
PA5103	2415
PA5104	312
PA5105	2434
PA5106	588
PA5107	3767
PA5108	2749
PA5109	1092
PA5110	7438
PA5111	2932
PA5112	9400
PA5113	659
PA5114	3199
PA5115	245
PA5116	87
PA5117	3502
PA5118	3198
PA5119	9367
PA5120	153
PA5121	1505
PA5122	1546
PA5123	367
PA5124	1788
PA5125	1576
PA5126	505
PA5127	509
PA5128	3423
PA5129	593
PA5130	1840
PA5131	21991
PA5132	123
PA5133	2404
PA5134	3386
PA5135	140
PA5136	763
PA5137	1161
PA5138	1781
PA5139	490
PA5140	1337
PA5141	1851
PA5142	2090
PA5143	2997
PA5144	34
PA5145	246
PA5146	4412
PA5147	1712
PA5148	499
PA5149	383
PA5149.1	42
PA5150	2567
PA5151	790
PA5152	2582
PA5153	3295
PA5154	436
PA5155	190
PA5156	454
PA5157	1099
PA5158	893
PA5159	1265
PA5160	1511
PA5160.1	58
PA5161	23301
PA5162	2580
PA5163	10611
PA5164	13575
PA5165	4205
PA5166	1236
PA5167	2287
PA5168	306
PA5169	446
PA5170	9116
PA5171	16656
PA5172	18882
PA5173	12769
PA5174	4460
PA5175	1396
PA5176	3883
PA5177	2281
PA5178	55470
PA5179	567
PA5180	373
PA5181	2055
PA5181.1	7
PA5182	192
PA5183	68
PA5183a	3211
PA5184	699
PA5185	526
PA5186	499
PA5187	967
PA5188	679
PA5189	717
PA5190	586
PA5191	127
PA5192	8219
PA5193	1805
PA5194	1061
PA5195	408
PA5196	1066
PA5197	1164
PA5198	887
PA5199	1078
PA5200	3289
PA5201	2439
PA5202	186
PA5203	2651
PA5204	1290
PA5205	1086
PA5206	3533
PA5207	812
PA5208	3409
PA5209	1699
PA5210	7707
PA5211	616
PA5212	3487
PA5213	4496
PA5214	2202
PA5215	4465
PA5216	1278
PA5217	7271
PA5218	1001
PA5219	885
PA5220	3806
PA5221	1206
PA5222	667
PA5223	5406
PA5224	10538
PA5225	1063
PA5226	1507
PA5227	2701
PA5227.1	15529
PA5228	2555
PA5229	1426
PA5230	1501
PA5231	4513
PA5232	4537
PA5233	16930
PA5234	1029
PA5235	1567
PA5236	1381
PA5237	2651
PA5238	947
PA5239	25362
PA5240	191580
PA5241	9633
PA5242	18499
PA5243	11695
PA5244	1684
PA5245	7941
PA5246	799
PA5247	1318
PA5248	4146
PA5249	2292
PA5250	2314
PA5251	1311
PA5252	3301
PA5252a	4582
PA5253	9603
PA5254	939
PA5255	11212
PA5256	1036
PA5257	4634
PA5258	4914
PA5259	1686
PA5260	7928
PA5261	21495
PA5262	9894
PA5263	4159
PA5264	0
PA5265	0
PA5266	1274
PA5267	133
PA5268	1301
PA5269	2669
PA5270	1649
PA5271	5040
PA5272	4119
PA5273	464
PA5274	2723
PA5275	9129
PA5276	697
PA5277	4264
PA5278	2191
PA5279	1735
PA5280	367
PA5281	411
PA5282	230
PA5283	3293
PA5284	0
PA5285	4834
PA5286	1006
PA5287	3347
PA5288	29591
PA5289	901
PA5290	1434
PA5291	4929
PA5292	1491
PA5293	420
PA5294	360
PA5295	6368
PA5296	2824
PA5297	1107
PA5298	2854
PA5299	2731
PA5300	3889
PA5301	23678
PA5302	2608
PA5303	5305
PA5304	9475
PA5305	1806
PA5306	625
PA5307	3350
PA5308	2252
PA5309	2335
PA5310	1479
PA5311	932
PA5312	16501
PA5313	3731
PA5314	1424
PA5315	1531
PA5316	4660
PA5316.1	226
PA5317	2730
PA5318	13
PA5319	2374
PA5320	1237
PA5321	608
PA5322	5500
PA5323	4269
PA5324	1843
PA5325	879
PA5326	390
PA5327	845
PA5328	114
PA5329	1782
PA5330	3726
PA5331	4746
PA5332	6193
PA5333	1871
PA5334	2456
PA5335	1269
PA5336	1194
PA5337	16266
PA5338	13364
PA5339	4314
PA5340	1133
PA5341	50
PA5342	308
PA5343	839
PA5344	3190
PA5345	2758
PA5346	10424
PA5347	5339
PA5348	29328
PA5349	3383
PA5350	825
PA5351	709
PA5352	103
PA5353	111
PA5354	80
PA5355	783
PA5356	1098
PA5357	817
PA5358	6841
PA5359	4202
PA5360	1338
PA5361	1397
PA5362	2604
PA5363	4077
PA5364	4832
PA5365	1331
PA5366	732
PA5367	856
PA5368	1440
PA5369	2542
PA5369.1	9
PA5369.2	1056
PA5369.3	0
PA5369.4	0
PA5369.5	9
PA5370	2057
PA5371	5815
PA5372	3046
PA5373	5154
PA5374	1492
PA5375	1314
PA5376	1671
PA5377	619
PA5378	2515
PA5379	535
PA5380	2441
PA5381	287
PA5382	310
PA5383	168
PA5384	14
PA5385	95
PA5386	65
PA5387	64
PA5388	304
PA5389	466
PA5390	244
PA5391	39
PA5392	77
PA5393	303
PA5394	1826
PA5395	155
PA5396	1216
PA5397	230
PA5398	990
PA5399	389
PA5400	142
PA5401	149
PA5402	746
PA5403	159
PA5404	318
PA5405	134
PA5406	237
PA5407	77
PA5408	235
PA5409	2038
PA5410	944
PA5411	882
PA5412	3692
PA5413	2505
PA5414	625
PA5415	781
PA5416	496
PA5417	68
PA5418	1237
PA5419	256
PA5420	712
PA5421	1298
PA5422	1694
PA5423	2230
PA5424	4563
PA5425	807
PA5426	587
PA5427	8936
PA5428	1980
PA5429	9471
PA5430	734
PA5431	173
PA5432	341
PA5433	323
PA5434	1048
PA5435	7744
PA5436	4174
PA5437	1328
PA5438	11936
PA5439	4670
PA5440	1053
PA5440a	305
PA5441	3947
PA5442	1248
PA5443	4627
PA5444	1782
PA5445	5442
PA5446	87392
PA5447	4979
PA5448	688
PA5449	1437
PA5450	2412
PA5451	1049
PA5452	2633
PA5453	3375
PA5454	3115
PA5455	3243
PA5456	910
PA5457	289
PA5458	621
PA5459	561
PA5460	965
PA5461	2451
PA5462	607
PA5463	376
PA5464	1036
PA5465	983
PA5466	162
PA5467	495
PA5468	1311
PA5469	670
PA5470	89
PA5471	819
PA5472	4549
PA5473	10654
PA5474	10084
PA5475	20025
PA5476	1696
PA5477	1412
PA5478	1025
PA5479	3171
PA5481	28601
PA5482	13274
PA5483	3383
PA5484	2668
PA5485	1544
PA5486	684
PA5487	6208
PA5488	8246
PA5489	13396
PA5490	3869
PA5491	2844
PA5492	9791
PA5493	6568
PA5494	8020
PA5495	4886
PA5496	6694
PA5497	10709
PA5498	1211
PA5499	1423
PA5500	1062
PA5501	995
PA5502	995
PA5503	2300
PA5504	834
PA5505	1626
PA5506	213
PA5507	387
PA5508	234
PA5509	747
PA5510	953
PA5511	2193
PA5512	596
PA5513	518
PA5514	1050
PA5515	1581
PA5516	2878
PA5517	596
PA5518	2257
PA5519	2739
PA5520	2096
PA5521	8327
PA5522	2960
PA5523	1706
PA5524	597
PA5525	1500
PA5526	3556
PA5527	6561
PA5528	4362
PA5529	2106
PA5530	1462
PA5531	26317
PA5533	2148
PA5534	229
PA5535	684
PA5536	117
PA5537	997
PA5538	641
PA5539	203
PA5540	303
PA5541	1388
PA5542	884
PA5543	78
PA5544	1583
PA5545	5520
PA5546	32610
PA5547	2424
PA5548	736
PA5549	2021
PA5550	796
PA5551	1162
PA5552	3180
PA5553	3755
PA5554	17073
PA5555	10185
PA5556	22102
PA5557	4837
PA5558	6637
PA5559	8297
PA5560	5698
PA5561	3940
PA5562	3210
PA5563	2052
PA5564	1718
PA5565	13172
PA5566	746
PA5567	2336
PA5568	4448
PA5569	16821
PA5570	5561
__no_feature	880352
__ambiguous	4327337
__too_low_aQual	0
__not_aligned	17900645
__alignment_not_unique	2080223
