{"chunk_definitions":[{"chunk_id":"co1rzitu9p2m5","expansion_state":0,"options":[],"row":16,"row_count":1,"visible":true},{"chunk_id":"clcayf6g82ftf","expansion_state":0,"options":[],"row":27,"row_count":1,"visible":true},{"chunk_id":"cdx0novtcm4bu","expansion_state":0,"options":[],"row":37,"row_count":1,"visible":true},{"chunk_id":"cfgmun94y2vka","expansion_state":0,"options":[],"row":56,"row_count":1,"visible":true},{"chunk_id":"czko3phu9jihq","expansion_state":0,"options":[],"row":65,"row_count":1,"visible":true},{"chunk_id":"c8bnpjltb7ty0","expansion_state":0,"options":[],"row":74,"row_count":1,"visible":true},{"chunk_id":"crr173xrd2qq8","expansion_state":0,"options":[],"row":82,"row_count":1,"visible":true},{"chunk_id":"cxlxvinzy2hum","expansion_state":0,"options":[],"row":92,"row_count":1,"visible":true},{"chunk_id":"czfqmzvw7bo9y","expansion_state":0,"options":[],"row":100,"row_count":1,"visible":true},{"chunk_id":"cick22twxvxgp","expansion_state":0,"options":[],"row":121,"row_count":1,"visible":true},{"chunk_id":"c6r24pxufdhxf","expansion_state":0,"options":[],"row":128,"row_count":1,"visible":true},{"chunk_id":"c5071gac90ohu","expansion_state":0,"options":[],"row":136,"row_count":1,"visible":true},{"chunk_id":"cmdcw50u3n8no","expansion_state":0,"options":[],"row":143,"row_count":1,"visible":true},{"chunk_id":"caxauhkwgk8bn","expansion_state":0,"options":[],"row":152,"row_count":1,"visible":true},{"chunk_id":"cattaxs9dowso","expansion_state":0,"options":[],"row":159,"row_count":1,"visible":true},{"chunk_id":"c7xtwfohctk0v","expansion_state":0,"options":[],"row":163,"row_count":1,"visible":true},{"chunk_id":"c49znx8ka1y8p","expansion_state":0,"options":[],"row":173,"row_count":1,"visible":true},{"chunk_id":"cajukgu7ue0ts","expansion_state":0,"options":[],"row":193,"row_count":1,"visible":true},{"chunk_id":"cjxhd7yvrlz7h","expansion_state":0,"options":[],"row":208,"row_count":1,"visible":true},{"chunk_id":"cr95bcmfp5cfv","expansion_state":0,"options":[],"row":227,"row_count":1,"visible":true},{"chunk_id":"c0wbqyq1zrknj","expansion_state":0,"options":[],"row":251,"row_count":1,"visible":true},{"chunk_id":"ciblt1okr7shg","expansion_state":0,"options":[],"row":288,"row_count":1,"visible":true}],"doc_write_time":1750959604.22305}
