{"chunk_definitions":[{"chunk_id":"c3gimjm6e7nsx","expansion_state":0,"options":[],"row":13,"row_count":1,"visible":true},{"chunk_id":"cijzuk3s9a5mj","expansion_state":0,"options":[],"row":19,"row_count":1,"visible":true},{"chunk_id":"cnjzzvlkmvcpm","expansion_state":0,"options":[],"row":35,"row_count":1,"visible":true},{"chunk_id":"c4rg5uxu5sc9k","expansion_state":0,"options":[],"row":53,"row_count":1,"visible":true},{"chunk_id":"cytmty4otvdfx","expansion_state":0,"options":[],"row":61,"row_count":1,"visible":true},{"chunk_id":"cdsx0ttvn050l","expansion_state":0,"options":[],"row":69,"row_count":1,"visible":true},{"chunk_id":"cvdt6ud9165dc","expansion_state":0,"options":[],"row":78,"row_count":1,"visible":true},{"chunk_id":"cjfn2x6s4u347","expansion_state":0,"options":[],"row":89,"row_count":1,"visible":true},{"chunk_id":"c6cbl5j2x9edr","expansion_state":0,"options":[],"row":98,"row_count":1,"visible":true},{"chunk_id":"c0ve1jykrlkke","expansion_state":0,"options":[],"row":110,"row_count":1,"visible":true},{"chunk_id":"cjbl3ukeg95ed","expansion_state":0,"options":[],"row":117,"row_count":1,"visible":true},{"chunk_id":"cyiieg9vyux5s","expansion_state":0,"options":[],"row":126,"row_count":1,"visible":true},{"chunk_id":"c2t4vq3s7e5g5","expansion_state":0,"options":[],"row":135,"row_count":1,"visible":true},{"chunk_id":"czeicjiv2kc5x","expansion_state":0,"options":[],"row":150,"row_count":1,"visible":true},{"chunk_id":"cjyxbe5xdwhas","expansion_state":0,"options":[],"row":157,"row_count":1,"visible":true},{"chunk_id":"cyyymc6d8hbrp","expansion_state":0,"options":[],"row":167,"row_count":1,"visible":true},{"chunk_id":"cx8c1ropj86cm","expansion_state":0,"options":[],"row":175,"row_count":1,"visible":true},{"chunk_id":"co6uiyemw2fgw","expansion_state":0,"options":[],"row":190,"row_count":1,"visible":true},{"chunk_id":"c9impfhafxqej","expansion_state":0,"options":[],"row":197,"row_count":1,"visible":true},{"chunk_id":"ct8ehmt2vok3p","expansion_state":0,"options":[],"row":207,"row_count":1,"visible":true},{"chunk_id":"cngm4kj9xx94u","expansion_state":0,"options":[],"row":223,"row_count":1,"visible":true},{"chunk_id":"chs67i7p4fhte","expansion_state":0,"options":[],"row":238,"row_count":1,"visible":true},{"chunk_id":"cfx45a1e9kuwg","expansion_state":0,"options":[],"row":250,"row_count":1,"visible":true},{"chunk_id":"c3irnrcjrqjsh","expansion_state":0,"options":[],"row":258,"row_count":1,"visible":true},{"chunk_id":"couhuzkoxmfqa","expansion_state":0,"options":[],"row":267,"row_count":1,"visible":true},{"chunk_id":"ct1l6mb6lx6my","expansion_state":0,"options":[],"row":274,"row_count":1,"visible":true},{"chunk_id":"cinz1e3mxnqch","expansion_state":0,"options":[],"row":281,"row_count":1,"visible":true},{"chunk_id":"cxxdv4356rgx6","expansion_state":0,"options":[],"row":288,"row_count":1,"visible":true},{"chunk_id":"cdlhf52vbepic","expansion_state":0,"options":[],"row":302,"row_count":1,"visible":true},{"chunk_id":"cx9mgvf0rocd4","expansion_state":0,"options":[],"row":312,"row_count":1,"visible":true},{"chunk_id":"c0m5six4i59mr","expansion_state":0,"options":[],"row":323,"row_count":1,"visible":true},{"chunk_id":"cretbmqmk5paz","expansion_state":0,"options":[],"row":331,"row_count":1,"visible":true},{"chunk_id":"cm58nl4r3rsg9","expansion_state":0,"options":[],"row":345,"row_count":1,"visible":true},{"chunk_id":"c0zeqla41vyf4","expansion_state":0,"options":[],"row":381,"row_count":1,"visible":true},{"chunk_id":"caqcxvr2gz31y","expansion_state":0,"options":[],"row":399,"row_count":1,"visible":true},{"chunk_id":"cxtou5cvpz3g5","expansion_state":0,"options":[],"row":406,"row_count":1,"visible":true},{"chunk_id":"cgz9rqkw8o0sp","expansion_state":0,"options":[],"row":415,"row_count":1,"visible":true},{"chunk_id":"cy4p1wogqv9qc","expansion_state":0,"options":[],"row":424,"row_count":1,"visible":true}],"doc_write_time":1751052689.07323}
