{"chunk_definitions":[{"row":10,"row_count":1,"visible":true,"expansion_state":0,"options":{"engine":"r","label":"setup","include":false,"dev":"png"},"document_id":"CFC70C05","chunk_id":"csetup_chunk","chunk_label":"setup"},{"row":37,"row_count":1,"visible":true,"expansion_state":0,"options":{"engine":"r","message":false,"label":"unnamed-chunk-17","dev":"png"},"document_id":"CFC70C05","chunk_id":"cihzyudqau6cp","chunk_label":"unnamed-chunk-1"},{"row":58,"row_count":1,"visible":true,"expansion_state":0,"options":{"engine":"r","eval":false,"label":"unnamed-chunk-2","dev":"png"},"document_id":"CFC70C05","chunk_id":"czexh74eqj4m8","chunk_label":"unnamed-chunk-2"},{"row":73,"row_count":1,"visible":true,"expansion_state":0,"options":{"engine":"r","message":false,"label":"unnamed-chunk-18","dev":"png"},"document_id":"CFC70C05","chunk_id":"c4n2kyan5zvik","chunk_label":"unnamed-chunk-3"},{"row":96,"row_count":1,"visible":true,"expansion_state":0,"options":{"engine":"r","label":"unnamed-chunk-19","dev":"png"},"document_id":"CFC70C05","chunk_id":"cswdnyivqs9bd","chunk_label":"unnamed-chunk-4"},{"row":112,"row_count":1,"visible":true,"expansion_state":0,"options":{"engine":"r","label":"unnamed-chunk-20","dev":"png"},"document_id":"CFC70C05","chunk_id":"ctjcb61i7056f","chunk_label":"unnamed-chunk-5"},{"row":120,"row_count":1,"visible":true,"expansion_state":0,"options":{"engine":"r","label":"unnamed-chunk-21","dev":"png"},"document_id":"CFC70C05","chunk_id":"c5g7yeqt40v81","chunk_label":"unnamed-chunk-6"},{"row":145,"row_count":1,"visible":true,"expansion_state":0,"options":{"engine":"r","label":"unnamed-chunk-22","dev":"png"},"document_id":"CFC70C05","chunk_id":"cvozw8edpcl7k","chunk_label":"unnamed-chunk-7"},{"row":159,"row_count":1,"visible":true,"expansion_state":0,"options":{"engine":"r","label":"unnamed-chunk-23","dev":"png"},"document_id":"CFC70C05","chunk_id":"cu5fww1pwj4t3","chunk_label":"unnamed-chunk-8"},{"row":172,"row_count":1,"visible":true,"expansion_state":0,"options":{"engine":"r","label":"unnamed-chunk-24","dev":"png"},"document_id":"CFC70C05","chunk_id":"c8zt5yq95f0fr","chunk_label":"unnamed-chunk-9"},{"row":187,"row_count":1,"visible":true,"expansion_state":0,"options":{"engine":"r","label":"unnamed-chunk-25","dev":"png"},"document_id":"CFC70C05","chunk_id":"c9kdxl85ho9uh","chunk_label":"unnamed-chunk-10"},{"row":206,"row_count":1,"visible":true,"expansion_state":0,"options":{"engine":"r","label":"unnamed-chunk-26","dev":"png"},"document_id":"CFC70C05","chunk_id":"ck5mo2qf1rnbr","chunk_label":"unnamed-chunk-11"},{"row":241,"row_count":1,"visible":true,"expansion_state":0,"options":{"engine":"r","label":"unnamed-chunk-27","dev":"png"},"document_id":"CFC70C05","chunk_id":"cr30nwm9upfpw","chunk_label":"unnamed-chunk-12"},{"row":256,"row_count":1,"visible":true,"expansion_state":0,"options":{"engine":"r","label":"unnamed-chunk-28","dev":"png"},"document_id":"CFC70C05","chunk_id":"csqjm2adaito8","chunk_label":"unnamed-chunk-13"},{"row":272,"row_count":1,"visible":true,"expansion_state":0,"options":{"engine":"r","label":"unnamed-chunk-34","dev":"png"},"document_id":"CFC70C05","chunk_id":"c2klhj7e8eix2","chunk_label":"unnamed-chunk-14"},{"row":285,"row_count":1,"visible":true,"expansion_state":0,"options":{"engine":"r","label":"unnamed-chunk-35","dev":"png"},"document_id":"CFC70C05","chunk_id":"cvlln95ozhgx0","chunk_label":"unnamed-chunk-15"},{"row":303,"row_count":1,"visible":true,"expansion_state":0,"options":{"engine":"r","label":"unnamed-chunk-36","dev":"png"},"document_id":"CFC70C05","chunk_id":"ceo08ex231w9a","chunk_label":"unnamed-chunk-16"},{"row":316,"row_count":1,"visible":true,"expansion_state":0,"options":{"engine":"r","label":"unnamed-chunk-37","dev":"png"},"document_id":"CFC70C05","chunk_id":"cpxnjouogozj1","chunk_label":"unnamed-chunk-17"},{"row":328,"row_count":1,"visible":true,"expansion_state":0,"options":{"engine":"r","label":"unnamed-chunk-38","dev":"png"},"document_id":"CFC70C05","chunk_id":"c96wezv89qitq","chunk_label":"unnamed-chunk-18"},{"row":342,"row_count":1,"visible":true,"expansion_state":0,"options":{"engine":"r","label":"unnamed-chunk-39","dev":"png"},"document_id":"CFC70C05","chunk_id":"ctg1qgj7g1gtc","chunk_label":"unnamed-chunk-19"},{"row":358,"row_count":1,"visible":true,"expansion_state":0,"options":{"engine":"r","label":"unnamed-chunk-40","dev":"png"},"document_id":"CFC70C05","chunk_id":"ci02dduj5k15t","chunk_label":"unnamed-chunk-20"},{"row":381,"row_count":1,"visible":true,"expansion_state":0,"options":{"engine":"r","label":"unnamed-chunk-41","dev":"png"},"document_id":"CFC70C05","chunk_id":"c0blg0qm6lwlq","chunk_label":"unnamed-chunk-21"},{"row":403,"row_count":1,"visible":true,"expansion_state":0,"options":{"engine":"r","label":"unnamed-chunk-42","dev":"png"},"document_id":"CFC70C05","chunk_id":"cvq97ab107qj8","chunk_label":"unnamed-chunk-22"},{"row":414,"row_count":1,"visible":true,"expansion_state":0,"options":{"engine":"r","label":"unnamed-chunk-43","dev":"png"},"document_id":"CFC70C05","chunk_id":"cckrw8214m9u0","chunk_label":"unnamed-chunk-23"},{"row":434,"row_count":1,"visible":true,"expansion_state":0,"options":{"engine":"r","label":"unnamed-chunk-44","dev":"png"},"document_id":"CFC70C05","chunk_id":"c2gfz2b0cp7no","chunk_label":"unnamed-chunk-24"},{"row":446,"row_count":1,"visible":true,"expansion_state":0,"options":{"engine":"r","label":"unnamed-chunk-45","dev":"png"},"document_id":"CFC70C05","chunk_id":"ccoa6pinizmwt","chunk_label":"unnamed-chunk-25"},{"row":457,"row_count":1,"visible":true,"expansion_state":0,"options":{"engine":"r","label":"unnamed-chunk-46","dev":"png"},"document_id":"CFC70C05","chunk_id":"c0gecvrhpn4u0","chunk_label":"unnamed-chunk-26"},{"row":469,"row_count":1,"visible":true,"expansion_state":0,"options":{"engine":"r","label":"unnamed-chunk-47","dev":"png"},"document_id":"CFC70C05","chunk_id":"c060nr8qzvhke","chunk_label":"unnamed-chunk-27"},{"row":482,"row_count":1,"visible":true,"expansion_state":0,"options":{"engine":"r","label":"unnamed-chunk-48","dev":"png"},"document_id":"CFC70C05","chunk_id":"cetlikfy4z6nj","chunk_label":"unnamed-chunk-28"},{"row":507,"row_count":1,"visible":true,"expansion_state":0,"options":{"engine":"r","label":"unnamed-chunk-49","dev":"png"},"document_id":"CFC70C05","chunk_id":"cts6u9cm0gadg","chunk_label":"unnamed-chunk-29"},{"row":523,"row_count":1,"visible":true,"expansion_state":0,"options":{"engine":"r","label":"unnamed-chunk-50","dev":"png"},"document_id":"CFC70C05","chunk_id":"ck76lux6bit0p","chunk_label":"unnamed-chunk-30"},{"row":536,"row_count":1,"visible":true,"expansion_state":0,"options":{"engine":"r","label":"unnamed-chunk-51","dev":"png"},"document_id":"CFC70C05","chunk_id":"cncvxw9bp1bpv","chunk_label":"unnamed-chunk-31"},{"row":545,"row_count":1,"visible":true,"expansion_state":0,"options":{"engine":"r","label":"unnamed-chunk-52","dev":"png"},"document_id":"CFC70C05","chunk_id":"c7wpanmjilcd7","chunk_label":"unnamed-chunk-32"},{"row":554,"row_count":1,"visible":true,"expansion_state":0,"options":{"engine":"r","label":"unnamed-chunk-53","dev":"png"},"document_id":"CFC70C05","chunk_id":"clellw0waprud","chunk_label":"unnamed-chunk-33"},{"row":561,"row_count":1,"visible":true,"expansion_state":0,"options":{"engine":"r","label":"unnamed-chunk-54","dev":"png"},"document_id":"CFC70C05","chunk_id":"cn8nelby4qe5f","chunk_label":"unnamed-chunk-34"},{"row":573,"row_count":1,"visible":true,"expansion_state":0,"options":{"engine":"r","label":"unnamed-chunk-55","dev":"png"},"document_id":"CFC70C05","chunk_id":"cicmcyfb4ur03","chunk_label":"unnamed-chunk-35"},{"row":583,"row_count":1,"visible":true,"expansion_state":0,"options":{"engine":"r","label":"unnamed-chunk-56","dev":"png"},"document_id":"CFC70C05","chunk_id":"cn5e0f11eedtl","chunk_label":"unnamed-chunk-36"},{"row":624,"row_count":1,"visible":true,"expansion_state":0,"options":{"engine":"r","label":"unnamed-chunk-57","dev":"png"},"document_id":"CFC70C05","chunk_id":"cuiwobr2wmuwx","chunk_label":"unnamed-chunk-37"},{"row":635,"row_count":1,"visible":true,"expansion_state":0,"options":{},"document_id":"CFC70C05","chunk_id":"c2kcwf37njaj9","chunk_label":"unnamed-chunk-38"},{"row":644,"row_count":1,"visible":true,"expansion_state":0,"options":{},"document_id":"CFC70C05","chunk_id":"chk0wxom07hu1","chunk_label":"unnamed-chunk-39"},{"row":653,"row_count":1,"visible":true,"expansion_state":0,"options":{},"document_id":"CFC70C05","chunk_id":"cfyzlpoeqryoz","chunk_label":"unnamed-chunk-40"}],"doc_write_time":1751053041,"working_dir":null,"default_chunk_options":{"echo":true,"collapse":true}}