{"chunk_definitions":[{"row":104,"row_count":1,"visible":true,"expansion_state":0,"options":{"engine":"r","label":"unnamed-chunk-2","dev":"png"},"document_id":"56C0405F","chunk_id":"c9fheito32a7e","chunk_label":"unnamed-chunk-7"},{"row":116,"row_count":1,"visible":true,"expansion_state":0,"options":{"engine":"r","label":"unnamed-chunk-4","dev":"png"},"document_id":"56C0405F","chunk_id":"cxtcaumyzgl73","chunk_label":"unnamed-chunk-8"},{"row":128,"row_count":1,"visible":true,"expansion_state":0,"options":{"engine":"r","label":"unnamed-chunk-9","dev":"png"},"document_id":"56C0405F","chunk_id":"cvsybqo1kofxl","chunk_label":"unnamed-chunk-9"}],"doc_write_time":1751399705}