{"chunk_definitions":[{"row":29,"row_count":1,"visible":true,"expansion_state":0,"options":{"engine":"r","label":"unnamed-chunk-1","dev":"png"},"document_id":"56C0405F","chunk_id":"cq1fn80ninxmc","chunk_label":"unnamed-chunk-1"},{"row":46,"row_count":1,"visible":true,"expansion_state":0,"options":{"engine":"r","label":"unnamed-chunk-2","dev":"png"},"document_id":"56C0405F","chunk_id":"c8vl50jqj5lfo","chunk_label":"unnamed-chunk-2"},{"row":60,"row_count":1,"visible":true,"expansion_state":0,"options":{"engine":"r","label":"unnamed-chunk-3","dev":"png"},"document_id":"56C0405F","chunk_id":"c51vogbqt02jb","chunk_label":"unnamed-chunk-3"},{"row":77,"row_count":1,"visible":true,"expansion_state":0,"options":{"engine":"r","label":"unnamed-chunk-4","dev":"png"},"document_id":"56C0405F","chunk_id":"clktg4avta3jj","chunk_label":"unnamed-chunk-4"},{"row":89,"row_count":1,"visible":true,"expansion_state":0,"options":{"engine":"r","label":"unnamed-chunk-5","dev":"png"},"document_id":"56C0405F","chunk_id":"c2qslewsq5sli","chunk_label":"unnamed-chunk-5"},{"row":100,"row_count":1,"visible":true,"expansion_state":0,"options":{"engine":"r","label":"unnamed-chunk-6","dev":"png"},"document_id":"56C0405F","chunk_id":"c7547okkrqwis","chunk_label":"unnamed-chunk-6"},{"row":114,"row_count":1,"visible":true,"expansion_state":0,"options":{"engine":"r","label":"unnamed-chunk-7","dev":"png"},"document_id":"56C0405F","chunk_id":"c3e8t66vxw8b6","chunk_label":"unnamed-chunk-7"},{"row":130,"row_count":1,"visible":true,"expansion_state":0,"options":{"engine":"r","label":"unnamed-chunk-8","dev":"png"},"document_id":"56C0405F","chunk_id":"cwkgzrtw96291","chunk_label":"unnamed-chunk-8"},{"row":155,"row_count":1,"visible":true,"expansion_state":0,"options":{"engine":"r","label":"unnamed-chunk-9","dev":"png"},"document_id":"56C0405F","chunk_id":"c12mfzfiv5k4d","chunk_label":"unnamed-chunk-9"},{"row":187,"row_count":1,"visible":true,"expansion_state":0,"options":{"engine":"r","label":"unnamed-chunk-10","dev":"png"},"document_id":"56C0405F","chunk_id":"cxe5j22xgplhe","chunk_label":"unnamed-chunk-10"},{"row":202,"row_count":1,"visible":true,"expansion_state":0,"options":{"engine":"r","label":"unnamed-chunk-11","dev":"png"},"document_id":"56C0405F","chunk_id":"c3wx2xormxbfs","chunk_label":"unnamed-chunk-11"},{"row":239,"row_count":1,"visible":true,"expansion_state":0,"options":{"engine":"r","label":"unnamed-chunk-12","dev":"png"},"document_id":"56C0405F","chunk_id":"c8otzq35rm0n4","chunk_label":"unnamed-chunk-12"},{"row":248,"row_count":1,"visible":true,"expansion_state":0,"options":{"engine":"r","label":"unnamed-chunk-13","dev":"png"},"document_id":"56C0405F","chunk_id":"canpp6jqljtee","chunk_label":"unnamed-chunk-13"},{"row":271,"row_count":1,"visible":true,"expansion_state":0,"options":{"engine":"r","label":"unnamed-chunk-14","dev":"png"},"document_id":"56C0405F","chunk_id":"cr3mlgnd8lw36","chunk_label":"unnamed-chunk-14"},{"row":281,"row_count":1,"visible":true,"expansion_state":0,"options":{"engine":"r","label":"unnamed-chunk-15","dev":"png"},"document_id":"56C0405F","chunk_id":"chsr7epn5fcnq","chunk_label":"unnamed-chunk-15"},{"row":291,"row_count":1,"visible":true,"expansion_state":0,"options":{"engine":"r","label":"unnamed-chunk-16","dev":"png"},"document_id":"56C0405F","chunk_id":"cpb16u603s2qu","chunk_label":"unnamed-chunk-16"},{"row":304,"row_count":1,"visible":true,"expansion_state":0,"options":{"engine":"r","label":"unnamed-chunk-17","dev":"png"},"document_id":"56C0405F","chunk_id":"cktwaw20eyzzh","chunk_label":"unnamed-chunk-17"},{"row":313,"row_count":1,"visible":true,"expansion_state":0,"options":{"engine":"r","label":"unnamed-chunk-18","dev":"png"},"document_id":"56C0405F","chunk_id":"csth686tyxbj1","chunk_label":"unnamed-chunk-18"},{"row":322,"row_count":1,"visible":true,"expansion_state":0,"options":{"engine":"r","label":"unnamed-chunk-19","dev":"png"},"document_id":"56C0405F","chunk_id":"cr4lnksbwyk22","chunk_label":"unnamed-chunk-19"},{"row":331,"row_count":1,"visible":true,"expansion_state":0,"options":{"engine":"r","label":"unnamed-chunk-20","dev":"png"},"document_id":"56C0405F","chunk_id":"clc1a33jgd141","chunk_label":"unnamed-chunk-20"},{"row":343,"row_count":1,"visible":true,"expansion_state":0,"options":{"engine":"r","label":"unnamed-chunk-21","dev":"png"},"document_id":"56C0405F","chunk_id":"cvx0uoyt958u3","chunk_label":"unnamed-chunk-21"},{"row":354,"row_count":1,"visible":true,"expansion_state":0,"options":{"engine":"r","label":"unnamed-chunk-22","dev":"png"},"document_id":"56C0405F","chunk_id":"c4du3s4g4p83b","chunk_label":"unnamed-chunk-22"}],"doc_write_time":1751060409,"chunk_rendered_width":684}