{"chunk_definitions":[{"row":158,"row_count":1,"visible":true,"expansion_state":0,"options":{"engine":"r","label":"unnamed-chunk-12","dev":"png"},"document_id":"DC41ABE2","chunk_id":"crwrhv76h69hi","chunk_label":"unnamed-chunk-12"},{"row":165,"row_count":1,"visible":true,"expansion_state":0,"options":{"engine":"r","label":"unnamed-chunk-13","dev":"png"},"document_id":"DC41ABE2","chunk_id":"chk467om6l2x3","chunk_label":"unnamed-chunk-13"},{"row":174,"row_count":1,"visible":true,"expansion_state":0,"options":{"engine":"r","label":"unnamed-chunk-14","dev":"png"},"document_id":"DC41ABE2","chunk_id":"celcex4dpckt1","chunk_label":"unnamed-chunk-14"},{"row":195,"row_count":1,"visible":true,"expansion_state":0,"options":{"engine":"r","label":"unnamed-chunk-15","dev":"png"},"document_id":"DC41ABE2","chunk_id":"ctp419e21khxp","chunk_label":"unnamed-chunk-15"}],"doc_write_time":1751307250}